[{"model": "contenttypes.contenttype", "pk": 1, "fields": {"app_label": "admin", "model": "logentry"}}, {"model": "contenttypes.contenttype", "pk": 2, "fields": {"app_label": "auth", "model": "permission"}}, {"model": "contenttypes.contenttype", "pk": 3, "fields": {"app_label": "auth", "model": "group"}}, {"model": "contenttypes.contenttype", "pk": 4, "fields": {"app_label": "auth", "model": "user"}}, {"model": "contenttypes.contenttype", "pk": 5, "fields": {"app_label": "contenttypes", "model": "contenttype"}}, {"model": "contenttypes.contenttype", "pk": 6, "fields": {"app_label": "sessions", "model": "session"}}, {"model": "contenttypes.contenttype", "pk": 7, "fields": {"app_label": "boutique", "model": "souscategorie"}}, {"model": "contenttypes.contenttype", "pk": 8, "fields": {"app_label": "boutique", "model": "produit"}}, {"model": "contenttypes.contenttype", "pk": 9, "fields": {"app_label": "boutique", "model": "categorie"}}, {"model": "contenttypes.contenttype", "pk": 10, "fields": {"app_label": "boutique", "model": "panier"}}, {"model": "contenttypes.contenttype", "pk": 11, "fields": {"app_label": "boutique", "model": "compteuser"}}, {"model": "contenttypes.contenttype", "pk": 12, "fields": {"app_label": "boutique", "model": "contact"}}, {"model": "contenttypes.contenttype", "pk": 13, "fields": {"app_label": "boutique", "model": "media"}}, {"model": "contenttypes.contenttype", "pk": 14, "fields": {"app_label": "boutique", "model": "bug"}}, {"model": "contenttypes.contenttype", "pk": 15, "fields": {"app_label": "boutique", "model": "avisdemande"}}, {"model": "contenttypes.contenttype", "pk": 16, "fields": {"app_label": "boutique", "model": "commande"}}, {"model": "contenttypes.contenttype", "pk": 17, "fields": {"app_label": "admin_interface", "model": "theme"}}, {"model": "contenttypes.contenttype", "pk": 18, "fields": {"app_label": "boutique", "model": "panieritem"}}, {"model": "sessions.session", "pk": "1515n9llefzd0dcnvwlx40wnchfy0k0a", "fields": {"session_data": "MmJjYzQ2ODllNWY5NzQ1ZWU0NDNlOGIwNjVhMmI2ZjA1NDZhMTQ3Yjp7Il9hdXRoX3VzZXJfaWQiOiIxIiwiX2F1dGhfdXNlcl9iYWNrZW5kIjoiZGphbmdvLmNvbnRyaWIuYXV0aC5iYWNrZW5kcy5Nb2RlbEJhY2tlbmQiLCJfYXV0aF91c2VyX2hhc2giOiJhYmQwNGQxODVhNDc2YTAxNWJhMjFmMTNkNWNlNDcxYTU0NTc2MzI2In0=", "expire_date": "2021-02-21T19:56:53.838Z"}}, {"model": "sessions.session", "pk": "2d00u3btukigjvyv7ihvim6vk7brcfqu", "fields": {"session_data": "ODUwYmVjMDM3ZjQwMWU4NGRhNzRmMjFlZGU4NDhmZGJiNzY3NWNlMTp7fQ==", "expire_date": "2020-08-05T15:07:15.856Z"}}, {"model": "sessions.session", "pk": "2j0ca9e65nykzvecljm2egqktot1ex0e", "fields": {"session_data": "MmJjYzQ2ODllNWY5NzQ1ZWU0NDNlOGIwNjVhMmI2ZjA1NDZhMTQ3Yjp7Il9hdXRoX3VzZXJfaWQiOiIxIiwiX2F1dGhfdXNlcl9iYWNrZW5kIjoiZGphbmdvLmNvbnRyaWIuYXV0aC5iYWNrZW5kcy5Nb2RlbEJhY2tlbmQiLCJfYXV0aF91c2VyX2hhc2giOiJhYmQwNGQxODVhNDc2YTAxNWJhMjFmMTNkNWNlNDcxYTU0NTc2MzI2In0=", "expire_date": "2021-01-31T18:47:59.651Z"}}, {"model": "sessions.session", "pk": "akiq14iljg497f5y1xc3mib3fuxon8h3", "fields": {"session_data": "YWNmNzE1ZGE3ZDM1NWRhNmU4ZGJiMGFmNThjMjNkMjcxMTJjYmE1Nzp7Il9hdXRoX3VzZXJfaWQiOiIyNyIsIl9hdXRoX3VzZXJfYmFja2VuZCI6ImRqYW5nby5jb250cmliLmF1dGguYmFja2VuZHMuTW9kZWxCYWNrZW5kIiwiX2F1dGhfdXNlcl9oYXNoIjoiMTRmNDdiYWIwYTE4MGJhZmEzODdiODllYTc5Njg3N2ZhYjUwYmI0MSJ9", "expire_date": "2022-08-08T20:13:41.718Z"}}, {"model": "sessions.session", "pk": "ceu01vm2o5jusyj5whi9c4no2wjxs5rg", "fields": {"session_data": "YWNmNzE1ZGE3ZDM1NWRhNmU4ZGJiMGFmNThjMjNkMjcxMTJjYmE1Nzp7Il9hdXRoX3VzZXJfaWQiOiIyNyIsIl9hdXRoX3VzZXJfYmFja2VuZCI6ImRqYW5nby5jb250cmliLmF1dGguYmFja2VuZHMuTW9kZWxCYWNrZW5kIiwiX2F1dGhfdXNlcl9oYXNoIjoiMTRmNDdiYWIwYTE4MGJhZmEzODdiODllYTc5Njg3N2ZhYjUwYmI0MSJ9", "expire_date": "2020-08-21T12:51:46.176Z"}}, {"model": "sessions.session", "pk": "fq0otecv2dvbzuczsoh30mh09kd76z6q", "fields": {"session_data": "YWNmNzE1ZGE3ZDM1NWRhNmU4ZGJiMGFmNThjMjNkMjcxMTJjYmE1Nzp7Il9hdXRoX3VzZXJfaWQiOiIyNyIsIl9hdXRoX3VzZXJfYmFja2VuZCI6ImRqYW5nby5jb250cmliLmF1dGguYmFja2VuZHMuTW9kZWxCYWNrZW5kIiwiX2F1dGhfdXNlcl9oYXNoIjoiMTRmNDdiYWIwYTE4MGJhZmEzODdiODllYTc5Njg3N2ZhYjUwYmI0MSJ9", "expire_date": "2020-09-27T11:33:50.112Z"}}, {"model": "sessions.session", "pk": "hl7j9ddwqpacemj36o59z0w4hrkev1wb", "fields": {"session_data": "MmJjYzQ2ODllNWY5NzQ1ZWU0NDNlOGIwNjVhMmI2ZjA1NDZhMTQ3Yjp7Il9hdXRoX3VzZXJfaWQiOiIxIiwiX2F1dGhfdXNlcl9iYWNrZW5kIjoiZGphbmdvLmNvbnRyaWIuYXV0aC5iYWNrZW5kcy5Nb2RlbEJhY2tlbmQiLCJfYXV0aF91c2VyX2hhc2giOiJhYmQwNGQxODVhNDc2YTAxNWJhMjFmMTNkNWNlNDcxYTU0NTc2MzI2In0=", "expire_date": "2021-02-21T19:57:04.499Z"}}, {"model": "sessions.session", "pk": "ivchz3odkzxuutz0v51ue19b3mowqgvq", "fields": {"session_data": "MzAxM2M0NDM5Y2NhNThkMTQxZDRjMzY1MTUwMjlkNTQ2Mzk1ZDRjMjp7Il9hdXRoX3VzZXJfaWQiOiIzNCIsIl9hdXRoX3VzZXJfYmFja2VuZCI6ImRqYW5nby5jb250cmliLmF1dGguYmFja2VuZHMuTW9kZWxCYWNrZW5kIiwiX2F1dGhfdXNlcl9oYXNoIjoiNjI2YTRlYjQ2YTBkN2E3MGI0OWMxOTJiZDM3OGQ1MzE4OWY3ZjViOSJ9", "expire_date": "2020-12-12T21:09:32.572Z"}}, {"model": "sessions.session", "pk": "k9o42du21tlco8y9kh06dtzdkbgsgykm", "fields": {"session_data": "YWNmNzE1ZGE3ZDM1NWRhNmU4ZGJiMGFmNThjMjNkMjcxMTJjYmE1Nzp7Il9hdXRoX3VzZXJfaWQiOiIyNyIsIl9hdXRoX3VzZXJfYmFja2VuZCI6ImRqYW5nby5jb250cmliLmF1dGguYmFja2VuZHMuTW9kZWxCYWNrZW5kIiwiX2F1dGhfdXNlcl9oYXNoIjoiMTRmNDdiYWIwYTE4MGJhZmEzODdiODllYTc5Njg3N2ZhYjUwYmI0MSJ9", "expire_date": "2022-09-05T20:50:59.048Z"}}, {"model": "sessions.session", "pk": "lzlrmtwfdhykwns6m872sseauasjmrel", "fields": {"session_data": "ODUwYmVjMDM3ZjQwMWU4NGRhNzRmMjFlZGU4NDhmZGJiNzY3NWNlMTp7fQ==", "expire_date": "2020-08-04T17:42:10.580Z"}}, {"model": "sessions.session", "pk": "mvtssjfemghjfvi5kxa64i4e1i1stx40", "fields": {"session_data": "MmJjYzQ2ODllNWY5NzQ1ZWU0NDNlOGIwNjVhMmI2ZjA1NDZhMTQ3Yjp7Il9hdXRoX3VzZXJfaWQiOiIxIiwiX2F1dGhfdXNlcl9iYWNrZW5kIjoiZGphbmdvLmNvbnRyaWIuYXV0aC5iYWNrZW5kcy5Nb2RlbEJhY2tlbmQiLCJfYXV0aF91c2VyX2hhc2giOiJhYmQwNGQxODVhNDc2YTAxNWJhMjFmMTNkNWNlNDcxYTU0NTc2MzI2In0=", "expire_date": "2020-08-12T14:20:11.304Z"}}, {"model": "sessions.session", "pk": "p40ld593nt52kkid7mw7vkhrh80vwuu7", "fields": {"session_data": "MmJjYzQ2ODllNWY5NzQ1ZWU0NDNlOGIwNjVhMmI2ZjA1NDZhMTQ3Yjp7Il9hdXRoX3VzZXJfaWQiOiIxIiwiX2F1dGhfdXNlcl9iYWNrZW5kIjoiZGphbmdvLmNvbnRyaWIuYXV0aC5iYWNrZW5kcy5Nb2RlbEJhY2tlbmQiLCJfYXV0aF91c2VyX2hhc2giOiJhYmQwNGQxODVhNDc2YTAxNWJhMjFmMTNkNWNlNDcxYTU0NTc2MzI2In0=", "expire_date": "2020-10-06T11:09:31.322Z"}}, {"model": "sessions.session", "pk": "pn9udaegyzwtz36181ro9h6jm0ofvi21", "fields": {"session_data": "MmJjYzQ2ODllNWY5NzQ1ZWU0NDNlOGIwNjVhMmI2ZjA1NDZhMTQ3Yjp7Il9hdXRoX3VzZXJfaWQiOiIxIiwiX2F1dGhfdXNlcl9iYWNrZW5kIjoiZGphbmdvLmNvbnRyaWIuYXV0aC5iYWNrZW5kcy5Nb2RlbEJhY2tlbmQiLCJfYXV0aF91c2VyX2hhc2giOiJhYmQwNGQxODVhNDc2YTAxNWJhMjFmMTNkNWNlNDcxYTU0NTc2MzI2In0=", "expire_date": "2020-10-20T12:27:34.912Z"}}, {"model": "sessions.session", "pk": "wcm5v7qz5jgrmbobmbs36wk8p6dwwtl8", "fields": {"session_data": "MzQ0YjQ0NDc0NTg1NGU4YWMwNTcyYjE1ZDM5M2UyZWEyN2QzMmU5Njp7Il9hdXRoX3VzZXJfaWQiOiIxIiwiX2F1dGhfdXNlcl9iYWNrZW5kIjoiZGphbmdvLmNvbnRyaWIuYXV0aC5iYWNrZW5kcy5Nb2RlbEJhY2tlbmQiLCJfYXV0aF91c2VyX2hhc2giOiI4OTQzODczYTgyZTY3NmQ3ZDI5YWM3OGI2ZTAzMzQ0MTMzNmMzYzk3In0=", "expire_date": "2020-07-28T21:08:35.269Z"}}, {"model": "admin_interface.theme", "pk": 1, "fields": {"name": "Django", "active": false, "title": "Django administration", "title_color": "#F5DD5D", "title_visible": true, "logo": "", "logo_color": "#FFFFFF", "logo_visible": true, "favicon": "", "env_name": "", "env_color": "#E74C3C", "env_visible_in_header": true, "env_visible_in_favicon": true, "language_chooser_active": true, "language_chooser_display": "code", "css_header_background_color": "#0C4B33", "css_header_text_color": "#44B78B", "css_header_link_color": "#FFFFFF", "css_header_link_hover_color": "#C9F0DD", "css_module_background_color": "#44B78B", "css_module_text_color": "#FFFFFF", "css_module_link_color": "#FFFFFF", "css_module_link_hover_color": "#C9F0DD", "css_module_rounded_corners": true, "css_generic_link_color": "#0C3C26", "css_generic_link_hover_color": "#156641", "css_save_button_background_color": "#0C4B33", "css_save_button_background_hover_color": "#0C3C26", "css_save_button_text_color": "#FFFFFF", "css_delete_button_background_color": "#BA2121", "css_delete_button_background_hover_color": "#A41515", "css_delete_button_text_color": "#FFFFFF", "css": "", "related_modal_active": true, "related_modal_background_color": "#000000", "related_modal_background_opacity": "0.3", "related_modal_rounded_corners": true, "related_modal_close_button_visible": true, "list_filter_dropdown": false, "recent_actions_visible": true}}, {"model": "admin_interface.theme", "pk": 2, "fields": {"name": "Soma Electronic", "active": false, "title": "Administration de Soma Electronic", "title_color": "#FFFFFF", "title_visible": true, "logo": "admin-interface/logo/logo.png", "logo_color": "#FFFFFF", "logo_visible": true, "favicon": "admin-interface/favicon/logo.png", "env_name": "Soma Electronic", "env_color": "#3498DB", "env_visible_in_header": true, "env_visible_in_favicon": true, "language_chooser_active": true, "language_chooser_display": "code", "css_header_background_color": "#44B78B", "css_header_text_color": "#FFFFFF", "css_header_link_color": "#FFFFFF", "css_header_link_hover_color": "#C9F0DD", "css_module_background_color": "#44B78B", "css_module_text_color": "#FFFFFF", "css_module_link_color": "#FFFFFF", "css_module_link_hover_color": "#C9F0DD", "css_module_rounded_corners": true, "css_generic_link_color": "#0C3C26", "css_generic_link_hover_color": "#156641", "css_save_button_background_color": "#0C4B33", "css_save_button_background_hover_color": "#0C3C26", "css_save_button_text_color": "#FFFFFF", "css_delete_button_background_color": "#BA2121", "css_delete_button_background_hover_color": "#A41515", "css_delete_button_text_color": "#FFFFFF", "css": "", "related_modal_active": true, "related_modal_background_color": "#000000", "related_modal_background_opacity": "0.3", "related_modal_rounded_corners": true, "related_modal_close_button_visible": true, "list_filter_dropdown": true, "recent_actions_visible": true}}, {"model": "admin_interface.theme", "pk": 3, "fields": {"name": "Bootstrap", "active": false, "title": "Soma Electronic Admin", "title_color": "#503873", "title_visible": false, "logo": "admin-interface/logo/logo_kFp3Up0.png", "logo_color": "#503873", "logo_visible": true, "favicon": "admin-interface/favicon/logo_7PzLAD6.png", "env_name": "", "env_color": "#E74C3C", "env_visible_in_header": true, "env_visible_in_favicon": true, "language_chooser_active": true, "language_chooser_display": "code", "css_header_background_color": "#FFFFFF", "css_header_text_color": "#463265", "css_header_link_color": "#463265", "css_header_link_hover_color": "#7351A6", "css_module_background_color": "#7351A6", "css_module_text_color": "#FFFFFF", "css_module_link_color": "#CDBFE3", "css_module_link_hover_color": "#FFFFFF", "css_module_rounded_corners": true, "css_generic_link_color": "#463265", "css_generic_link_hover_color": "#7351A6", "css_save_button_background_color": "#5CB85C", "css_save_button_background_hover_color": "#449D44", "css_save_button_text_color": "#FFFFFF", "css_delete_button_background_color": "#D9534F", "css_delete_button_background_hover_color": "#C9302C", "css_delete_button_text_color": "#FFFFFF", "css": "", "related_modal_active": true, "related_modal_background_color": "#503873", "related_modal_background_opacity": "0.2", "related_modal_rounded_corners": true, "related_modal_close_button_visible": true, "list_filter_dropdown": false, "recent_actions_visible": true}}, {"model": "admin_interface.theme", "pk": 4, "fields": {"name": "USWDS", "active": false, "title": "Soma Electronic Admin", "title_color": "#FFFFFF", "title_visible": false, "logo": "admin-interface/logo/logo_fqmJx3a.png", "logo_color": "#FFFFFF", "logo_visible": true, "favicon": "admin-interface/favicon/logo_QiyA4P4.png", "env_name": "", "env_color": "#E74C3C", "env_visible_in_header": true, "env_visible_in_favicon": true, "language_chooser_active": true, "language_chooser_display": "code", "css_header_background_color": "#112E51", "css_header_text_color": "#FFFFFF", "css_header_link_color": "#FFFFFF", "css_header_link_hover_color": "#E1F3F8", "css_module_background_color": "#205493", "css_module_text_color": "#FFFFFF", "css_module_link_color": "#FFFFFF", "css_module_link_hover_color": "#E1F3F8", "css_module_rounded_corners": true, "css_generic_link_color": "#205493", "css_generic_link_hover_color": "#0071BC", "css_save_button_background_color": "#205493", "css_save_button_background_hover_color": "#112E51", "css_save_button_text_color": "#FFFFFF", "css_delete_button_background_color": "#CD2026", "css_delete_button_background_hover_color": "#981B1E", "css_delete_button_text_color": "#FFFFFF", "css": "", "related_modal_active": true, "related_modal_background_color": "#000000", "related_modal_background_opacity": "0.8", "related_modal_rounded_corners": true, "related_modal_close_button_visible": true, "list_filter_dropdown": true, "recent_actions_visible": true}}, {"model": "admin_interface.theme", "pk": 5, "fields": {"name": "Foundation", "active": true, "title": "Soma Electronic Admin", "title_color": "#DDDDDD", "title_visible": true, "logo": "admin-interface/logo/logo_aeo88hU.png", "logo_color": "#CCCCCC", "logo_visible": true, "favicon": "admin-interface/favicon/logo_Rdeyqpf.png", "env_name": "", "env_color": "#E74C3C", "env_visible_in_header": true, "env_visible_in_favicon": true, "language_chooser_active": true, "language_chooser_display": "code", "css_header_background_color": "#2C3840", "css_header_text_color": "#FFFFFF", "css_header_link_color": "#FFFFFF", "css_header_link_hover_color": "#DDDDDD", "css_module_background_color": "#074E68", "css_module_text_color": "#FFFFFF", "css_module_link_color": "#FFFFFF", "css_module_link_hover_color": "#DDDDDD", "css_module_rounded_corners": true, "css_generic_link_color": "#000000", "css_generic_link_hover_color": "#074E68", "css_save_button_background_color": "#2199E8", "css_save_button_background_hover_color": "#1585CF", "css_save_button_text_color": "#FFFFFF", "css_delete_button_background_color": "#CC4B37", "css_delete_button_background_hover_color": "#BF4634", "css_delete_button_text_color": "#FFFFFF", "css": "", "related_modal_active": true, "related_modal_background_color": "#000000", "related_modal_background_opacity": "0.2", "related_modal_rounded_corners": true, "related_modal_close_button_visible": true, "list_filter_dropdown": true, "recent_actions_visible": true}}, {"model": "boutique.souscategorie", "pk": 1, "fields": {"nom": "Apple", "date_de_creation": "2020-07-14"}}, {"model": "boutique.souscategorie", "pk": 2, "fields": {"nom": "Samsung", "date_de_creation": "2020-07-14"}}, {"model": "boutique.souscategorie", "pk": 3, "fields": {"nom": "Toshiba", "date_de_creation": "2020-07-14"}}, {"model": "boutique.souscategorie", "pk": 4, "fields": {"nom": "Nokia", "date_de_creation": "2020-07-14"}}, {"model": "boutique.souscategorie", "pk": 5, "fields": {"nom": "Huawei", "date_de_creation": "2020-07-14"}}, {"model": "boutique.souscategorie", "pk": 6, "fields": {"nom": "Sony", "date_de_creation": "2020-07-14"}}, {"model": "boutique.souscategorie", "pk": 7, "fields": {"nom": "Asus", "date_de_creation": "2020-07-15"}}, {"model": "boutique.souscategorie", "pk": 8, "fields": {"nom": "HP", "date_de_creation": "2020-07-15"}}, {"model": "boutique.categorie", "pk": 1, "fields": {"nom": "Ordinateurs", "date_de_creation": "2020-07-14", "souscategorie": [1, 7, 8, 5, 3]}}, {"model": "boutique.categorie", "pk": 2, "fields": {"nom": "Smartphone", "date_de_creation": "2020-07-14", "souscategorie": [1, 7, 5, 4, 2, 6]}}, {"model": "boutique.categorie", "pk": 3, "fields": {"nom": "Tablette", "date_de_creation": "2020-07-15", "souscategorie": [1, 5, 2]}}, {"model": "boutique.categorie", "pk": 4, "fields": {"nom": "Smart Watch", "date_de_creation": "2020-07-17", "souscategorie": [1, 2]}}, {"model": "boutique.categorie", "pk": 5, "fields": {"nom": "Console", "date_de_creation": "2020-07-28", "souscategorie": [2, 6]}}, {"model": "boutique.media", "pk": 2, "fields": {"nom": "iphone 11", "sous_categorie": 1, "image": "2-apple_iphone-11-64gb-black_8303479_1.jpg"}}, {"model": "boutique.media", "pk": 3, "fields": {"nom": "iphone 11", "sous_categorie": 1, "image": "3-test-iphone-11-pro-performances-665x575.jpg"}}, {"model": "boutique.media", "pk": 4, "fields": {"nom": "iphone 11", "sous_categorie": 1, "image": "4-750x750.51003315_2.jpg"}}, {"model": "boutique.media", "pk": 5, "fields": {"nom": "iphone 11", "sous_categorie": 1, "image": "5-750x750.51003315_4.jpg"}}, {"model": "boutique.media", "pk": 6, "fields": {"nom": "iphone 11", "sous_categorie": 1, "image": "6-7798353756_l-iphone-11-pro-est-disponible-a-partir-de-1159-euros.jpg"}}, {"model": "boutique.media", "pk": 7, "fields": {"nom": "iPhone 11 Pro Max 256", "sous_categorie": 1, "image": "7-mg-110ae1a4-d239-47f6-b243-w1000h578-sc.jpg"}}, {"model": "boutique.media", "pk": 8, "fields": {"nom": "iPhone 11 Pro Max 256", "sous_categorie": 1, "image": "8-59994714e61b6979cc5267c5a9507.jpg"}}, {"model": "boutique.media", "pk": 9, "fields": {"nom": "iPhone 11 Pro Max 256", "sous_categorie": 1, "image": "9-https___s3-ap-northeast.jpg"}}, {"model": "boutique.media", "pk": 10, "fields": {"nom": "MacBookProTouchBar16", "sous_categorie": 1, "image": "10-884795d1db8dae3aa27d784bd84b4.jpg"}}, {"model": "boutique.media", "pk": 11, "fields": {"nom": "MacBookProTouchBar16", "sous_categorie": 1, "image": "11-og__dzxv66kzhr0i.png"}}, {"model": "boutique.media", "pk": 12, "fields": {"nom": "MacBook Pro Touch Bar 16", "sous_categorie": 1, "image": "12-a20f18e2b0e3b48982af2b0968863.jpg"}}, {"model": "boutique.media", "pk": 13, "fields": {"nom": "Watch Series 3 Gris sid\u00e9ral", "sous_categorie": 1, "image": "13-Test-de-l-Apple.jpg"}}, {"model": "boutique.media", "pk": 14, "fields": {"nom": "Apple Watch Series 3", "sous_categorie": 1, "image": "14-watchos6-series4-audiobooks-podcasts-music-hero.jpg"}}, {"model": "boutique.media", "pk": 15, "fields": {"nom": "Apple Watch Series 3", "sous_categorie": 1, "image": "15-apple-watch-series-5-hero_6259730.jpg"}}, {"model": "boutique.media", "pk": 16, "fields": {"nom": "Garmin Vivoactive 3", "sous_categorie": 2, "image": "16-images.jfif"}}, {"model": "boutique.media", "pk": 17, "fields": {"nom": "Garmin Vivoactive 3", "sous_categorie": 2, "image": "17-garmin-vivoactive-3-4.jpg"}}, {"model": "boutique.media", "pk": 18, "fields": {"nom": "Garmin Vivoactive 3", "sous_categorie": 2, "image": "18-DSC01009.jpg"}}, {"model": "boutique.media", "pk": 19, "fields": {"nom": "Toshiba", "sous_categorie": 3, "image": "19-41KNNu0PoJL._AC_.jpg"}}, {"model": "boutique.media", "pk": 20, "fields": {"nom": "ps4", "sous_categorie": 6, "image": "20-Console-Sony-PS4-Pro-1-To-Blanc.jpg"}}, {"model": "boutique.media", "pk": 21, "fields": {"nom": "ps4", "sous_categorie": 6, "image": "21-Red-Dead-Redemption-2-PS4.jpg"}}, {"model": "boutique.media", "pk": 22, "fields": {"nom": "Apple", "sous_categorie": 1, "image": "22-apple-ipad-pro-2020-frandroid-dsc00585-scaled.jpg"}}, {"model": "boutique.produit", "pk": 1, "fields": {"nom": "Iphone X", "description": "<p><strong>L&#39;iPhone X</strong> fait parti de la onzi&egrave;me it&eacute;ration du c&eacute;l&egrave;bre smartphone d&#39;Apple. Il int&egrave;gre un SoC Apple A11 Bionic grav&eacute; en <strong>10 nm</strong>. Il dispose d&#39;un &eacute;cran borderless de <strong>5,8 pouces </strong>et d&#39;un capteur facial pour d&eacute;verrouiller le smartphone.</p>", "disponible": true, "image": "images/melvin-thambi-VEVigpVmCRI-unsplash.jpg", "picture": "", "quantite": 2, "premier_prix": 600000.0, "prix": 450000.0, "taux_reduction": 0.0, "promotion": true, "etoile": 60, "date_de_creation": "2020-07-14", "slug": "iphone-x", "categorie": 2, "sous_categorie": 1, "media": []}}, {"model": "boutique.produit", "pk": 2, "fields": {"nom": "Galaxy S20+", "description": "Capacit\u00e9 de stockage\t--- 128 Go\r\nTaille de l'\u00e9cran  --\t6,7 \"\r\nSyst\u00e8me d'exploitation -- Android\r\nCouleur -- Violet", "disponible": true, "image": "images/Smartphone-Samsung-Galaxy-S20-.jpg", "picture": "", "quantite": 1, "premier_prix": 700000.0, "prix": 450000.0, "taux_reduction": 0.0, "promotion": false, "etoile": 19, "date_de_creation": "2020-07-14", "slug": "galaxy-s20", "categorie": 2, "sous_categorie": 2, "media": []}}, {"model": "boutique.produit", "pk": 3, "fields": {"nom": "Sony Xperia 10", "description": "<p>Smartphone Sony <strong>Xperia 10</strong> II 6&quot; <strong>128 Go</strong> Double SIM Blanc. Ce que vous attendez d&rsquo;un smartphone, en mieux Un affichage et des prises de vue incroyables dans un design &agrave; la fois solide et &eacute;l&eacute;gant. Quel que soit l&rsquo;usage de votre smartphone, optimisez votre exp&eacute;rience avec le Xperia 10 II. capturez des images et visionnez votre contenu quel que soit le temps Avec son indice de r&eacute;sistance &agrave; l&#39;eau IP65/68, son &eacute;cran en verre Corning&reg; Gorilla&reg; Glass 6 robuste et sa batterie longue dur&eacute;e.&nbsp;\ud83c\udfae</p>", "disponible": true, "image": "images/shuvro-mojumder-d2Zc6G6y5H4-unsplash.jpg", "picture": "", "quantite": 3, "premier_prix": 500000.0, "prix": 250000.0, "taux_reduction": 0.0, "promotion": true, "etoile": 22, "date_de_creation": "2020-07-14", "slug": "sony-xperia-10", "categorie": 2, "sous_categorie": 6, "media": []}}, {"model": "boutique.produit", "pk": 5, "fields": {"nom": "Asus Zenbook 15", "description": "Taille de l'\u00e9cran\t15,6 \"\r\nProcesseur\tIntel Core i7\r\nRAM install\u00e9e\t16 Go\r\nCapacit\u00e9 de stockage\t512 Go", "disponible": true, "image": "images/PC-Portable-Asus-UX534FT-A8194T-15-6-Intel-Core-i7-16-Go-RAM-512-Go-D-Bleu-royal.jpg", "picture": "", "quantite": 4, "premier_prix": 1000000.0, "prix": 800000.0, "taux_reduction": 0.0, "promotion": false, "etoile": 13, "date_de_creation": "2020-07-15", "slug": "asus-zenbook-15", "categorie": 1, "sous_categorie": 7, "media": []}}, {"model": "boutique.produit", "pk": 6, "fields": {"nom": "HP Gaming Pavilion 17", "description": "Taille de l'\u00e9cran\t17,3 \"\r\nProcesseur\tIntel Core i7\r\nRAM install\u00e9e\t16 Go\r\nCapacit\u00e9 de stockage\t512 Go\r\n\r\nD\u00e9couvrez la puissance et les performances r\u00e9actives qui stimulent votre productivit\u00e9. Profitez d\u2019un divertissement et d\u2019un jeu immersifs, diffusez et cr\u00e9ez du contenu avec des performances acc\u00e9l\u00e9r\u00e9es. \u00c9cran FHD IPS\r\nProfitez d\u2019images extr\u00eamement nettes, quel que soit l\u2019angle de vision. Avec un grand angle de vision de 178\u00b0 et une r\u00e9solution dynamique de 1 920 x 1 080", "disponible": true, "image": "images/PC-Portable-Gaming-HP-Pavilion-17-cd1083nf-17-3-Intel-Core-i7-16-Go-RAM-512-Go-D-_M7hf3Pf.jpg", "picture": "", "quantite": 1, "premier_prix": 700000.0, "prix": 650000.0, "taux_reduction": 0.0, "promotion": false, "etoile": 4, "date_de_creation": "2020-07-15", "slug": "hp-gaming-pavilion-17", "categorie": 1, "sous_categorie": 8, "media": []}}, {"model": "boutique.produit", "pk": 7, "fields": {"nom": "Gaming Asus ROG", "description": "15,6 \"\r\nProcesseur\tIntel Core i7\r\nRAM install\u00e9e\t16 Go\r\nCapacit\u00e9 de stockage\t1 To", "disponible": true, "image": "images/PC-pm.jpg", "picture": "", "quantite": 2, "premier_prix": 700000.0, "prix": 650000.0, "taux_reduction": 0.0, "promotion": false, "etoile": 17, "date_de_creation": "2020-07-16", "slug": "gaming-asus-rog", "categorie": 1, "sous_categorie": 7, "media": []}}, {"model": "boutique.produit", "pk": 8, "fields": {"nom": "Macbook Air 13.3", "description": "Taille de l'\u00e9cran\t13,3 \"\r\nProcesseur\tIntel Core i5\r\nRAM install\u00e9e\t8 Go\r\nCapacit\u00e9 de stockage\t256 Go", "disponible": true, "image": "images/Apple-Macbook-Air-13-3-LED-256-GO-D-8-GO-RAM-Intel-Core-I5.jpg", "picture": "", "quantite": 1, "premier_prix": 870000.0, "prix": 740000.0, "taux_reduction": 0.0, "promotion": false, "etoile": 32, "date_de_creation": "2020-07-16", "slug": "macbook-air-133", "categorie": 1, "sous_categorie": 1, "media": [10, 11]}}, {"model": "boutique.produit", "pk": 9, "fields": {"nom": "Asus VivoBook S15", "description": "Taille de l'\u00e9cran\t15,6 \"\r\nProcesseur\tIntel Core i7\r\nRAM install\u00e9e\t8 Go\r\nCapacit\u00e9 de stockage\t512 Go", "disponible": true, "image": "images/1540-1.jpg", "picture": "", "quantite": 1, "premier_prix": 750000.0, "prix": 550000.0, "taux_reduction": 10.0, "promotion": false, "etoile": 2, "date_de_creation": "2020-07-16", "slug": "asus-vivobook-s15", "categorie": 1, "sous_categorie": 7, "media": []}}, {"model": "boutique.produit", "pk": 10, "fields": {"nom": "HP OMEN 15", "description": "Taille de l'\u00e9cran\t15,6 \"\r\nProcesseur\tIntel Core i7\r\nRAM install\u00e9e\t16 Go\r\nCapacit\u00e9 de stockage\t1 To", "disponible": true, "image": "images/PC-Portable-HP-OMEN-15-dh1050nf-15-6-Intel.jpg", "picture": "", "quantite": 1, "premier_prix": 500000.0, "prix": 400000.0, "taux_reduction": 0.0, "promotion": false, "etoile": 8, "date_de_creation": "2020-07-16", "slug": "hp-omen-15", "categorie": 1, "sous_categorie": 8, "media": []}}, {"model": "boutique.produit", "pk": 11, "fields": {"nom": "Huawei MateBook D 14", "description": "Taille de l'\u00e9cran\t14 \"\r\nProcesseur\tAMD Ryzen 5\r\nRAM install\u00e9e\t8 Go\r\nCapacit\u00e9 de stockage\t512 Go", "disponible": true, "image": "images/PC-Ultra-Portable-Huawei-MateBook-D-14-14-AMD-.jpg", "picture": "", "quantite": 3, "premier_prix": 690000.0, "prix": 600000.0, "taux_reduction": 0.0, "promotion": false, "etoile": 15, "date_de_creation": "2020-07-16", "slug": "huawei-matebook-d-14", "categorie": 1, "sous_categorie": 5, "media": []}}, {"model": "boutique.produit", "pk": 12, "fields": {"nom": "Asus UX581GV-H2038R", "description": "Taille de l'\u00e9cran\t15,6 \"\r\nProcesseur\tIntel Core i7\r\nRAM install\u00e9e\t16 Go\r\nCapacit\u00e9 de stockage\t1 To", "disponible": true, "image": "images/PC-Ultra-Portable-As.jpg", "picture": "", "quantite": 1, "premier_prix": 680000.0, "prix": 600000.0, "taux_reduction": 0.0, "promotion": false, "etoile": 2, "date_de_creation": "2020-07-16", "slug": "asus-ux581gv-h2038r", "categorie": 1, "sous_categorie": 7, "media": []}}, {"model": "boutique.produit", "pk": 13, "fields": {"nom": "Pack PC Ultra-Portable HP 14s", "description": "Taille de l'\u00e9cran\t14 \"\r\nProcesseur\tIntel Core i3\r\nRAM install\u00e9e\t8 Go", "disponible": true, "image": "images/Pack-PC-Ultra-Portable-HP-14s-dq1009nf-14-Intel-Core-i3-8-Go-RAM-256-Go-D-Gris-So_2XbHMzC.jpg", "picture": "", "quantite": 1, "premier_prix": 650000.0, "prix": 600000.0, "taux_reduction": 0.0, "promotion": false, "etoile": 8, "date_de_creation": "2020-07-16", "slug": "pack-pc-ultra-portable-hp-14s", "categorie": 1, "sous_categorie": 8, "media": []}}, {"model": "boutique.produit", "pk": 14, "fields": {"nom": "iPhone 11 Pro Max 64 Go 6.5", "description": "Capacit\u00e9 de stockage\t64 Go\r\nTaille de l'\u00e9cran\t6,5 \"\r\nSyst\u00e8me d'exploitation\tiOS\r\nCouleur\tOr", "disponible": true, "image": "images/Apple-iPhone-11-Pro-Max-64-Go-6-5-Or.jpg", "picture": "", "quantite": 1, "premier_prix": 1200000.0, "prix": 1000000.0, "taux_reduction": 0.0, "promotion": false, "etoile": 4, "date_de_creation": "2020-07-16", "slug": "iphone-11-pro-max-64-go-65", "categorie": 2, "sous_categorie": 1, "media": []}}, {"model": "boutique.produit", "pk": 15, "fields": {"nom": "Huawei P20 Pro", "description": "Capacit\u00e9 de stockage\t128 Go Couleur\tNoir;\r\nCONCU AVEC LeicaLA RENAISSANCE DE LA PHOTOGRAPHIE EST EN MARCHETriple capteur photo con\u00e7u avec LeicaTriple capteur photo con\u00e7u avec Leicade 40MP + 20MP + 8MP, pour des photos parfaites, m\u00eame en basse lumi\u00e8reProcesseur dot\u00e9 d'Intelligence ArtificielleProcesseur Kirin 970 octo-coeur dot\u00e9 d'Intelligence Artificielle, pour un t\u00e9l\u00e9phone qui reste rapideZoom hybride x5Zoom Hybride x5. Captez le moindre d\u00e9tail, m\u00eame \u00e0 distanceEcran FullView FHD.", "disponible": true, "image": "images/Smartphone-Huawei-P20-Pro-128-Go-Noir.jpg", "picture": "", "quantite": 1, "premier_prix": 200000.0, "prix": 150000.0, "taux_reduction": 0.0, "promotion": false, "etoile": 9, "date_de_creation": "2020-07-16", "slug": "huawei-p20-pro", "categorie": 2, "sous_categorie": 5, "media": []}}, {"model": "boutique.produit", "pk": 16, "fields": {"nom": "Huawei P30", "description": "Capacit\u00e9 de stockage\t128 Go\r\nTaille de l'\u00e9cran\t6,1 \"\r\nSyst\u00e8me d'exploitation\tAndroid\r\nCouleur\tNoir", "disponible": true, "image": "images/Smartphone-Huawei-P30-Double-SIM-128-Go-Noir.jpg", "picture": "", "quantite": 2, "premier_prix": 350000.0, "prix": 250000.0, "taux_reduction": 0.0, "promotion": false, "etoile": 5, "date_de_creation": "2020-07-16", "slug": "huawei-p30", "categorie": 2, "sous_categorie": 5, "media": []}}, {"model": "boutique.produit", "pk": 17, "fields": {"nom": "Huawei P30 Pro 6.47", "description": "Capacit\u00e9 de stockage\t256 Go\r\nTaille de l'\u00e9cran\t6,47 \"\r\nSyst\u00e8me d'exploitation\tAndroid\r\nCouleur\tSilver frost", "disponible": true, "image": "images/Smartphone-Huawei-P30-Pro-6-47-256-Go.jpg", "picture": "", "quantite": 2, "premier_prix": 450000.0, "prix": 330000.0, "taux_reduction": 0.0, "promotion": false, "etoile": 6, "date_de_creation": "2020-07-16", "slug": "huawei-p30-pro-647", "categorie": 2, "sous_categorie": 5, "media": []}}, {"model": "boutique.produit", "pk": 18, "fields": {"nom": "Huawei MateBook D 15", "description": "Processeur\tAMD Ryzen 5\r\nRAM install\u00e9e\t8 Go\r\nCapacit\u00e9 de stockage\t256 Go", "disponible": true, "image": "images/PC-Portable.jpg", "picture": "", "quantite": 1, "premier_prix": 560000.0, "prix": 500000.0, "taux_reduction": 0.0, "promotion": false, "etoile": 11, "date_de_creation": "2020-07-16", "slug": "huawei-matebook-d-15", "categorie": 1, "sous_categorie": 5, "media": []}}, {"model": "boutique.produit", "pk": 19, "fields": {"nom": "Huawei MateBook X Pro", "description": "Taille de l'\u00e9cran\t13,9 \"\r\nProcesseur\tIntel Core i5\r\nRAM install\u00e9e\t16 Go\r\nCapacit\u00e9 de stockage\t512 Go", "disponible": true, "image": "images/PC-Ultra-Portable-Huawei-MateBook.jpg", "picture": "", "quantite": 4, "premier_prix": 600000.0, "prix": 500000.0, "taux_reduction": 0.0, "promotion": false, "etoile": 5, "date_de_creation": "2020-07-16", "slug": "huawei-matebook-x-pro", "categorie": 1, "sous_categorie": 5, "media": []}}, {"model": "boutique.produit", "pk": 20, "fields": {"nom": "Samsung Galaxy S10", "description": "Capacit\u00e9 de stockage\t128 Go\r\nTaille de l'\u00e9cran\t6,1 \"\r\nCouleur\tNoir Prisme", "disponible": true, "image": "images/Smartphone-Samsung-Galaxy-S10-Double-SIM-128-Go-Noir-Prisme.jpg", "picture": "", "quantite": 1, "premier_prix": 630000.0, "prix": 400000.0, "taux_reduction": 0.0, "promotion": false, "etoile": 9, "date_de_creation": "2020-07-16", "slug": "samsung-galaxy-s10", "categorie": 2, "sous_categorie": 2, "media": []}}, {"model": "boutique.produit", "pk": 21, "fields": {"nom": "Galaxy S20 Ultra 5G", "description": "Capacit\u00e9 de stockage\t128 Go\r\nTaille de l'\u00e9cran\t6,9 \"\r\nSyst\u00e8me d'exploitation\tAndroid\r\nCouleur\tNoir", "disponible": true, "image": "images/Smartphone-Samsung-Galaxy-S20-Ultra-5G-Double-SIM-128-Go-Noir.jpg", "picture": "", "quantite": 1, "premier_prix": 500000.0, "prix": 360000.0, "taux_reduction": 1.0, "promotion": false, "etoile": 7, "date_de_creation": "2020-07-16", "slug": "galaxy-s20-ultra-5g", "categorie": 2, "sous_categorie": 2, "media": []}}, {"model": "boutique.produit", "pk": 22, "fields": {"nom": "MacBook Pro Touch Bar 16", "description": "<table border=\"1\" cellpadding=\"1\" cellspacing=\"1\" style=\"width:350px\">\r\n\t<tbody>\r\n\t\t<tr>\r\n\t\t\t<td>Taille de l&#39;&eacute;cran</td>\r\n\t\t\t<td>16 &quot;</td>\r\n\t\t</tr>\r\n\t\t<tr>\r\n\t\t\t<td>Processeur&nbsp;Intel Core</td>\r\n\t\t\t<td>i9</td>\r\n\t\t</tr>\r\n\t\t<tr>\r\n\t\t\t<td>RAM install&eacute;e</td>\r\n\t\t\t<td>64 Go</td>\r\n\t\t</tr>\r\n\t\t<tr>\r\n\t\t\t<td>Capacit&eacute; de stockage</td>\r\n\t\t\t<td>1 To</td>\r\n\t\t</tr>\r\n\t</tbody>\r\n</table>\r\n\r\n<p>&nbsp;</p>", "disponible": true, "image": "images/laptop-3174729_1280.jpg", "picture": "https://unsplash.com/photos/cESDoXmVTKg", "quantite": 1, "premier_prix": 1400000.0, "prix": 900000.0, "taux_reduction": 1.0, "promotion": true, "etoile": 82, "date_de_creation": "2020-07-16", "slug": "macbook-pro-touch-bar-16", "categorie": 1, "sous_categorie": 1, "media": []}}, {"model": "boutique.produit", "pk": 23, "fields": {"nom": "iPhone 11 Pro Max 256", "description": "Capacit\u00e9 de stockage\t256 Go\r\nTaille de l'\u00e9cran\t6,5 \"\r\nSyst\u00e8me d'exploitation\tiOS\r\nCouleur\tVert Nuit", "disponible": true, "image": "images/Apple-iPhone-11-Pro-Max-256-Go-6-5-Vert-nuit.jpg", "picture": "", "quantite": 2, "premier_prix": 900000.0, "prix": 700000.0, "taux_reduction": 0.0, "promotion": false, "etoile": 58, "date_de_creation": "2020-07-17", "slug": "iphone-11-pro-max-256", "categorie": 2, "sous_categorie": 1, "media": [7, 8, 9]}}, {"model": "boutique.produit", "pk": 24, "fields": {"nom": "Apple Watch Series 3", "description": "Taille bracelet\t38 mm;\r\nBo\u00eetier aluminium argent, GPS, GLONASS, Galileo et QZSS int\u00e9gr\u00e9s, Capacit\u00e9 de 8 Go, Dos en composite, Wi\u2011Fi (802.11b/g/n 2,4 GHz), Bluetooth 4.2, watchOS 5", "disponible": true, "image": "images/Apple-Watch-.jpg", "picture": "", "quantite": 1, "premier_prix": 230000.0, "prix": 200000.0, "taux_reduction": 0.0, "promotion": false, "etoile": 36, "date_de_creation": "2020-07-17", "slug": "apple-watch-series-3", "categorie": 4, "sous_categorie": 1, "media": [13, 14, 15]}}, {"model": "boutique.produit", "pk": 25, "fields": {"nom": "Garmin Vivoactive 3", "description": "Taille bracelet\t127-204 mm\r\nPodom\u00e8tre\tOui\r\nCouleur\tGrise avec Bracelet Noir", "disponible": true, "image": "images/Montre-connectee-de-sport-Garmin-Vivoactive-3-a.jpg", "picture": "", "quantite": 0, "premier_prix": 300000.0, "prix": 150000.0, "taux_reduction": 0.0, "promotion": false, "etoile": 14, "date_de_creation": "2020-07-17", "slug": "garmin-vivoactive-3", "categorie": 4, "sous_categorie": 2, "media": [16, 17, 18]}}, {"model": "boutique.produit", "pk": 26, "fields": {"nom": "Watch Series 3 Gris sid\u00e9ral", "description": "<p>Hauteur du produit 1,14 cm Largeur du produit 3,33 cm Longueur du produit 3,86 cm Poids du produit 26,7 g Indice DAS Tronc 0,14 W/Kg Produit hors norme Non Indice DAS membre en W/Kg 0,15 W/K</p>", "disponible": true, "image": "images/Apple-Watch-Series-3.jpg", "picture": "", "quantite": 1, "premier_prix": 240000.0, "prix": 180000.0, "taux_reduction": 0.0, "promotion": false, "etoile": 26, "date_de_creation": "2020-07-17", "slug": "watch-series-3-gris-sideral", "categorie": 4, "sous_categorie": 1, "media": [13, 14, 15]}}, {"model": "boutique.produit", "pk": 27, "fields": {"nom": "Galaxy Watch Active2 4G", "description": "5 ATM (\u00c9tanche jusqu\u2019\u00e0 50 m) selon la norme ISO Standard 22810:2010\r\n\r\nCompatibilit\u00e9 appareil\r\nSmartphone Android 5.0 et versions ult\u00e9rieures avec 1,5 Go de RAM, Galaxy S6,S6 edge / S6 edge +; Galaxy A et J 2016, S7 / S7 edge; Galaxy A et J 2017, S8 / S8+, Note8; Galaxy A et J 2018, S9 / S9+, Note9; Galaxy S10e, S10 & S10+, Da Vinci; iPhone5 et ult., iOS 9.0 et versions ult\u00e9rieures", "disponible": true, "image": "images/Montre-connectee-Samsung-Galaxy-Watch-Active2-4G-.jpg", "picture": "", "quantite": 3, "premier_prix": 320000.0, "prix": 210000.0, "taux_reduction": 0.0, "promotion": false, "etoile": 9, "date_de_creation": "2020-07-17", "slug": "galaxy-watch-active2-4g", "categorie": 4, "sous_categorie": 2, "media": []}}, {"model": "boutique.produit", "pk": 28, "fields": {"nom": "Samsung Galaxy Watch 42 Carbone", "description": "Podom\u00e8tre\tOui\r\nEntr\u00e9e(s) informatique\t1 USB Type C\r\nCouleur\tNoir Carbone", "disponible": true, "image": "images/Montre-connectee-Bluetooth.jpg", "picture": "", "quantite": 1, "premier_prix": 360000.0, "prix": 200000.0, "taux_reduction": 0.0, "promotion": false, "etoile": 5, "date_de_creation": "2020-07-17", "slug": "samsung-galaxy-watch-42-carbone", "categorie": 4, "sous_categorie": 2, "media": []}}, {"model": "boutique.produit", "pk": 29, "fields": {"nom": "Apple Watch Aluminium Argent", "description": "Caract\u00e9ristiques \u00e9tanch\u00e9it\u00e9\r\n\u00c9tanche jusqu\u2019\u00e0 50 m\u00e8tres\r\n\r\nAvantages produits\r\nProcesseur bic\u0153ur, Puce sans fil W2 Apple\r\n\r\nAutonomie de fonctionnement\r\n18 Heures\r\n\r\nFonctions\r\nCapteur optique de fr\u00e9quence cardiaque, Altim\u00e8tre barom\u00e9trique, Acc\u00e9l\u00e9rom\u00e8tre et gyroscope\r\n\r\nDisponibilit\u00e9 des pi\u00e8ces d\u00e9tach\u00e9es\r\n5 ANS\r\n\r\nTaille bracelet\r\n38 mm\r\n\r\nCaract\u00e9ristiques de l'\u00e9cran\r\nVerre renforc\u00e9 Ion\u2011X", "disponible": true, "image": "images/Apple-Watch-Series-3-plus.jpg", "picture": "", "quantite": 4, "premier_prix": 410000.0, "prix": 300000.0, "taux_reduction": 0.0, "promotion": false, "etoile": 10, "date_de_creation": "2020-07-17", "slug": "apple-watch-aluminium-argent", "categorie": 4, "sous_categorie": 1, "media": []}}, {"model": "boutique.produit", "pk": 30, "fields": {"nom": "Pack Tablette Samsung Galaxy Tab S5e", "description": "Taille de l'\u00e9cran\t10,5 \"\r\nProcesseur\tOctoc\u0153ur\r\nSyst\u00e8me d'exploitation\tAndroid Pie 9.0", "disponible": true, "image": "images/Pack-Tablette-Samsung-Galaxy-Tab-S5e-10-5-128-Go-WiFi-Noir-Etui-folio-avec-clavier-Noir_1.jpg", "picture": "", "quantite": 3, "premier_prix": 372722.53, "prix": 257861.97, "taux_reduction": 0.0, "promotion": false, "etoile": 3, "date_de_creation": "2020-07-17", "slug": "pack-tablette-samsung-galaxy-tab-s5e", "categorie": 3, "sous_categorie": 2, "media": []}}, {"model": "boutique.produit", "pk": 31, "fields": {"nom": "Samsung Galaxy Tab A 10", "description": "Taille de l'\u00e9cran\t10,1 \"\r\nSyst\u00e8me d'exploitation\tAndroid Pie 9.0", "disponible": true, "image": "images/Tablette-Samsung-Galaxy-Tab-A-10-1-32-Go-WiFi-Noir.jpg", "picture": "", "quantite": 1, "premier_prix": 126000.0, "prix": 115000.0, "taux_reduction": 0.0, "promotion": false, "etoile": 1, "date_de_creation": "2020-07-17", "slug": "samsung-galaxy-tab-10", "categorie": 3, "sous_categorie": 2, "media": []}}, {"model": "boutique.produit", "pk": 32, "fields": {"nom": "Galaxy Tab S5e", "description": "D\u00e9couvrez la nouvelle tablette Samsung Galaxy Tab S6.\r\n\r\nRetrouvez toutes les tablettes.Retrouvez aussi nos cl\u00e9s USB OTG Micro USB pour stocker et transf\u00e9rer vos donn\u00e9es. Prot\u00e9gez votre tablette avec nos housses et sacoches. Voir les conseils de nos experts.\r\n\r\nProfitez \u00e9galement de nos offres informatiques.", "disponible": true, "image": "images/Tablette-Samsung-Galaxy-Tab-S5e-10-5-128-Go-4G-Noir.jpg", "picture": "", "quantite": 1, "premier_prix": 330000.0, "prix": 285000.0, "taux_reduction": 0.0, "promotion": false, "etoile": 1, "date_de_creation": "2020-07-17", "slug": "galaxy-tab-s5e", "categorie": 3, "sous_categorie": 2, "media": []}}, {"model": "boutique.produit", "pk": 33, "fields": {"nom": "iPad Apple 32 Go", "description": "Taille de l'\u00e9cran\t10,2 \"\r\nProcesseur\tApple A10\r\nSyst\u00e8me d'exploitation\tiOS", "disponible": true, "image": "images/iPad-Apple-32-Go-WiFi-Gris-sideral-10-2.jpg", "picture": "", "quantite": 2, "premier_prix": 250000.0, "prix": 200000.0, "taux_reduction": 0.0, "promotion": false, "etoile": 6, "date_de_creation": "2020-07-17", "slug": "ipad-apple-32-go", "categorie": 3, "sous_categorie": 1, "media": []}}, {"model": "boutique.produit", "pk": 34, "fields": {"nom": "Nouvel iPad Pro", "description": "<p>Taille de l&#39;&eacute;cran 12,9 &quot; Processeur Puce A12Z Bionic Syst&egrave;me d&#39;exploitation Mac OS votrtre prochain ordinateur n&rsquo;est pas un ordinateur. C&rsquo;est un objet de verre unique. Magique, m&ecirc;me. Il prend de vitesse la plupart des PC portables. Il vous fait entrer dans une nouvelle dimension avec ses appareils photo visionnaires. Il s&rsquo;utilise du bout des doigts. Mais aussi avec un Apple Pencil, un clavier, et maintenant un trackpad. C&rsquo;est bien plus qu&rsquo;un ordinateur. C&rsquo;est le nouvel iPad Pro.</p>", "disponible": true, "image": "images/Nouvel-iPad-Pro-12-9-256-Go-Gris-sideral-Wi-Fi.jpg", "picture": "", "quantite": 2, "premier_prix": 675000.0, "prix": 650000.0, "taux_reduction": 1.0, "promotion": false, "etoile": 10, "date_de_creation": "2020-07-17", "slug": "nouvel-ipad-pro", "categorie": 3, "sous_categorie": 1, "media": []}}, {"model": "boutique.produit", "pk": 35, "fields": {"nom": "iPhone 11 Noir - 128 Go", "description": "\u00c9cran (pouces) 6.1  pouces;\r\nTaille de l'\u00e9cran (cm)15,4  cm;\r\nQualit\u00e9 de l'\u00e9cranLiquid RetinaR\u00e9solution d\u2019\u00e9cran (px)828 x 1792  px;\r\nDensit\u00e9 de Pixels (ppi)326  ppi;\r\nType d'\u00c9cranIPSRapport d'aspect19.5:9.", "disponible": true, "image": "images/570x450.51003315_6.jpg", "picture": "", "quantite": -1, "premier_prix": 950000.0, "prix": 850000.0, "taux_reduction": 0.0, "promotion": false, "etoile": 50, "date_de_creation": "2020-07-25", "slug": "iphone-11-noir-128-go", "categorie": 2, "sous_categorie": 1, "media": [3, 6]}}, {"model": "boutique.produit", "pk": 37, "fields": {"nom": "PS4 Pro 1 To Noire", "description": "<p><strong>Playstation 4 PRO&nbsp;</strong>\ud83d\udc68&zwj;\ud83d\udcbb R&eacute;solution console de jeux Jusqu&#39;&agrave; 4K (3840 x 2160 p) RAM install&eacute;e <strong>8 Go</strong> DDR5 Communication sans fil Bluetooth Wi-Fi Nombre de ports pour p&eacute;riph&eacute;riques 6 3 x USB 3.0, 1 x HDMI, 1 x Port auxiliaire, 1 x Ethernet Caract&eacute;ristiques compl&eacute;mentaires Support compatible : Blu-ray 3D, Blu-ray, DVD, CD, Carte graphique : AMD Radeon, Processeur : AMD Jaguar, <strong>8 coeurs,</strong> Puissance 4.2 t&eacute;raflops, Compatible HDR pour des images plus r&eacute;alistes.</p>\r\n\r\n<p><strong><span style=\"color:#ffffff\"><span style=\"background-color:#4e5f70\">#Console</span></span></strong></p>", "disponible": true, "image": "images/Console-Sony-PS4-PRO-2TO-Edition-Limitee-500-Millions.jpg", "picture": "", "quantite": 3, "premier_prix": 350000.0, "prix": 250000.0, "taux_reduction": 0.0, "promotion": false, "etoile": 17, "date_de_creation": "2020-07-28", "slug": "ps4-pro-1-noire", "categorie": 5, "sous_categorie": 6, "media": [20, 21]}}, {"model": "boutique.produit", "pk": 38, "fields": {"nom": "Asus Gaming A15", "description": "<table border=\"0\" cellpadding=\"1\" cellspacing=\"1\" style=\"width:350px\">\r\n\t<tbody>\r\n\t\t<tr>\r\n\t\t\t<td>Taile de l&#39;&eacute;cran&nbsp; &nbsp;</td>\r\n\t\t\t<td>15,6&quot;</td>\r\n\t\t</tr>\r\n\t\t<tr>\r\n\t\t\t<td>Processeur</td>\r\n\t\t\t<td>AMD Ryzen 7</td>\r\n\t\t</tr>\r\n\t\t<tr>\r\n\t\t\t<td>RAM install&eacute;e</td>\r\n\t\t\t<td>16 Go</td>\r\n\t\t</tr>\r\n\t\t<tr>\r\n\t\t\t<td>Capacit&eacute; de stockage&nbsp;</td>\r\n\t\t\t<td>512 Go SSD</td>\r\n\t\t</tr>\r\n\t</tbody>\r\n</table>\r\n\r\n<p>&nbsp;</p>\r\n\r\n<p>&nbsp;</p>\r\n\r\n<p>&nbsp;</p>", "disponible": true, "image": "images/PC-Portable-Asus-Gaming-A15-TU.jpg", "picture": "", "quantite": 3, "premier_prix": 600000.0, "prix": 450000.0, "taux_reduction": 0.0, "promotion": false, "etoile": 6, "date_de_creation": "2020-08-21", "slug": "asus-gaming-a15", "categorie": 1, "sous_categorie": 7, "media": []}}, {"model": "boutique.produit", "pk": 39, "fields": {"nom": "iPhone 12 5G", "description": "<table border=\"1\" cellpadding=\"1\" cellspacing=\"1\" style=\"width:500px\">\r\n\t<tbody>\r\n\t\t<tr>\r\n\t\t\t<td>Capacit&eacute; de stockage</td>\r\n\t\t\t<td><strong>64 Go</strong></td>\r\n\t\t</tr>\r\n\t\t<tr>\r\n\t\t\t<td>Taille de l&#39;&eacute;cran</td>\r\n\t\t\t<td><strong>6,1 &quot;</strong></td>\r\n\t\t</tr>\r\n\t\t<tr>\r\n\t\t\t<td>Syst&egrave;me d&#39;exploitation</td>\r\n\t\t\t<td><strong>iOS</strong></td>\r\n\t\t</tr>\r\n\t\t<tr>\r\n\t\t\t<td>Couleur</td>\r\n\t\t\t<td><strong>Vert</strong></td>\r\n\t\t</tr>\r\n\t</tbody>\r\n</table>\r\n\r\n<ul>\r\n\t<li><strong>Autonomie maximale</strong></li>\r\n</ul>\r\n\r\n<p>Lecture vid&eacute;o : jusqu&rsquo;&agrave; <strong>17 heures</strong>; Streaming vid&eacute;o : jusqu&rsquo;&agrave; <strong>11 heures</strong>; Lecture audio : jusqu&rsquo;&agrave; <strong>65 heures</strong>.</p>\r\n\r\n<ul>\r\n\t<li><strong>Appareil photo</strong></li>\r\n</ul>\r\n\r\n<p>Double appareil photo 12 Mpx : ultra grand\u2011angle et grand\u2011angle; Ultra grand-angle : ouverture &fnof;/2,4 et champ de vision de 120&deg;; Grand\u2011angle : ouverture &fnof;/1,6; Zoom optique arri&egrave;re 2x; Zoom num&eacute;rique jusqu&rsquo;&agrave; 5x ; &Eacute;clairage de portrait avec six effets ; Stabilisation optique de l&rsquo;image ; Objectif &agrave; cinq &eacute;l&eacute;ments; objectif &agrave; six &eacute;l&eacute;ments ; Flash True Tone plus lumineux avec synchro lente ; Protection d&rsquo;objectifs en cristal de saphir ; 100 % de Focus Pixels ; Smart HDR 3 avec d&eacute;tection de la sc&egrave;ne.</p>\r\n\r\n<ul>\r\n\t<li><strong>Processeur</strong></li>\r\n</ul>\r\n\r\n<p>Puce <strong>A14 Bionic</strong>; Neural Engine nouvelle g&eacute;n&eacute;ration</p>", "disponible": true, "image": "images/Apple-iPhone-12-6-1-64-Go-Double-SIM-5G-Vert.jpg", "picture": "", "quantite": 3, "premier_prix": 1300000.0, "prix": 670000.0, "taux_reduction": 0.0, "promotion": false, "etoile": 18, "date_de_creation": "2020-10-29", "slug": "iphone-12-5g", "categorie": 2, "sous_categorie": 1, "media": []}}, {"model": "boutique.produit", "pk": 40, "fields": {"nom": "Xbox Series X", "description": "<table border=\"1\" cellpadding=\"1\" cellspacing=\"1\" style=\"width:500px\">\r\n\t<tbody>\r\n\t\t<tr>\r\n\t\t\t<td>Plateforme</td>\r\n\t\t\t<td><strong>Xbox Series X</strong></td>\r\n\t\t</tr>\r\n\t\t<tr>\r\n\t\t\t<td>Capacit&eacute;</td>\r\n\t\t\t<td><strong>1 To</strong></td>\r\n\t\t</tr>\r\n\t\t<tr>\r\n\t\t\t<td>RAM install&eacute;e</td>\r\n\t\t\t<td>16 Go</td>\r\n\t\t</tr>\r\n\t</tbody>\r\n</table>\r\n\r\n<p>Voici la Xbox Series X, notre console la plus rapide et la plus puissante jamais con&ccedil;ue, pour une g&eacute;n&eacute;ration de consoles qui vous place, vous, le joueur, au centre.</p>\r\n\r\n<p><strong>Puissance, Vitesse et compatibilit&eacute;</strong><br />\r\nLa nouvelle Xbox embarque une puce graphique de 12 teraflops, compatible avec 4 g&eacute;n&eacute;rations de jeux, alliant puissance et rapidit&eacute;.</p>", "disponible": true, "image": "images/Console-Microsoft-Xbox-Series-X-Noir.jpg", "picture": "", "quantite": 1, "premier_prix": 750000.0, "prix": 450000.0, "taux_reduction": 0.0, "promotion": false, "etoile": 4, "date_de_creation": "2020-10-29", "slug": "xbox-series-x", "categorie": 5, "sous_categorie": 2, "media": []}}, {"model": "boutique.produit", "pk": 41, "fields": {"nom": "Iphone 13 mini", "description": "<p><strong>Fini</strong></p>\r\n\r\n<ul>\r\n\t<li>(PRODUCT)RED, com&egrave;te, minuit, bleu, rose</li>\r\n</ul>\r\n\r\n<p><strong>Capacit&eacute;<sup>1</sup></strong></p>\r\n\r\n<ul>\r\n\t<li>128 Go, 256 Go, 512 Go</li>\r\n</ul>\r\n\r\n<p><strong>Dimensions et poids<sup>2</sup></strong></p>\r\n\r\n<ul>\r\n\t<li>Hauteur : 146,7 mm (5,78 po)</li>\r\n\t<li>Largeur : 71,5 mm (2,82 po)</li>\r\n\t<li>&Eacute;paisseur : 7,65 mm (0,30 po)</li>\r\n\t<li>Poids : 173 g (6,10 oz)</li>\r\n</ul>\r\n\r\n<p><strong>&Eacute;cran</strong></p>\r\n\r\n<ul>\r\n\t<li>&Eacute;cran Super Retina XDR</li>\r\n\t<li>&Eacute;cran DELO int&eacute;gral de 6,1 po (diagonale)</li>\r\n\t<li>D&eacute;finition de 2 532 x 1 170 pixels &agrave; 460 ppp</li>\r\n\t<li>&Eacute;cran HDR</li>\r\n\t<li>True Tone</li>\r\n\t<li>Gamme de couleurs &eacute;tendue (P3)</li>\r\n\t<li>Contact tactile</li>\r\n\t<li>Contraste type de 2 000 000:1</li>\r\n\t<li>Luminosit&eacute; maximale type de 800 nits; luminosit&eacute; maximale HDR de 1 200 nits</li>\r\n\t<li>Rev&ecirc;tement ol&eacute;ophobe r&eacute;sistant aux traces de doigts</li>\r\n\t<li>Prise en charge de l&rsquo;affichage simultan&eacute; de langues et de caract&egrave;res multiples</li>\r\n</ul>", "disponible": true, "image": "images/shopping.webp", "picture": "", "quantite": 1, "premier_prix": 750000.0, "prix": 400000.0, "taux_reduction": 0.0, "promotion": false, "etoile": 0, "date_de_creation": "2022-07-25", "slug": "iphone-13-mini", "categorie": 2, "sous_categorie": 1, "media": []}}, {"model": "boutique.panieritem", "pk": 150, "fields": {"user": 20, "produits": 38, "prix_du_produit": 450000.0, "quantite_du_produit": 1}}, {"model": "boutique.panieritem", "pk": 153, "fields": {"user": 20, "produits": 28, "prix_du_produit": 200000.0, "quantite_du_produit": 1}}, {"model": "boutique.panieritem", "pk": 155, "fields": {"user": 25, "produits": 38, "prix_du_produit": 900000.0, "quantite_du_produit": 2}}, {"model": "boutique.panieritem", "pk": 156, "fields": {"user": 25, "produits": 37, "prix_du_produit": 250000.0, "quantite_du_produit": 1}}, {"model": "boutique.panieritem", "pk": 157, "fields": {"user": 28, "produits": 40, "prix_du_produit": 450000.0, "quantite_du_produit": 1}}, {"model": "boutique.panieritem", "pk": 159, "fields": {"user": 20, "produits": 41, "prix_du_produit": 400000.0, "quantite_du_produit": 1}}, {"model": "boutique.panier", "pk": 101, "fields": {"nom": "Panier du 2020-08-22 19:00:39.856814 par asus", "date_de_creation": "2020-08-22T19:00:39.831Z", "user": 25, "quantite": 3, "prix": 1150000, "traite": true, "terminer": false, "produits": [155, 156]}}, {"model": "boutique.panier", "pk": 102, "fields": {"nom": "Panier du 2020-08-22 19:01:32.245888 par medard", "date_de_creation": "2020-08-22T19:01:32.202Z", "user": 20, "quantite": 1, "prix": 450000, "traite": true, "terminer": false, "produits": [150]}}, {"model": "boutique.panier", "pk": 103, "fields": {"nom": "Panier du 2020-09-18 08:35:21.890367 par medard", "date_de_creation": "2020-09-18T08:35:21.795Z", "user": 20, "quantite": 1, "prix": 200000, "traite": true, "terminer": false, "produits": [153]}}, {"model": "boutique.panier", "pk": 104, "fields": {"nom": "Panier du 2020-11-28 21:12:36.387653 par seria", "date_de_creation": "2020-11-28T21:12:36.270Z", "user": 28, "quantite": 1, "prix": 450000, "traite": false, "terminer": false, "produits": [157]}}, {"model": "boutique.panier", "pk": 105, "fields": {"nom": "Panier du 2021-02-07 19:22:51.420550 par medard", "date_de_creation": "2021-02-07T19:22:51.393Z", "user": 20, "quantite": 1, "prix": 400000, "traite": false, "terminer": false, "produits": [159]}}, {"model": "boutique.contact", "pk": 16, "fields": {"prenom": "NOURIA", "nom": "", "numero_de_telephone": null, "adress": "", "email": "nouria.kabore.pge2018@gmail.com"}}, {"model": "boutique.contact", "pk": 17, "fields": {"prenom": "PASCAL", "nom": "", "numero_de_telephone": "773739466", "adress": "amitie zone B", "email": "bmbaihodji@gmail.com"}}, {"model": "boutique.contact", "pk": 18, "fields": {"prenom": "Habsatou", "nom": "DIACKO", "numero_de_telephone": "770785084", "adress": "fass", "email": "habsatou.diacko.pge2018@gmail.com"}}, {"model": "boutique.contact", "pk": 19, "fields": {"prenom": "Habsatou", "nom": "", "numero_de_telephone": null, "adress": "", "email": "habsatoualphadiacko1998@gmail.com"}}, {"model": "boutique.contact", "pk": 21, "fields": {"prenom": "medard", "nom": "", "numero_de_telephone": null, "adress": "", "email": "seria.medard.pge2018@gmail.com"}}, {"model": "boutique.contact", "pk": 22, "fields": {"prenom": "Nard", "nom": "", "numero_de_telephone": "+22178544", "adress": "ddd", "email": "somae@soma.com"}}, {"model": "boutique.contact", "pk": 23, "fields": {"prenom": "dezombe", "nom": "", "numero_de_telephone": null, "adress": "", "email": "dezoumbe@gmail.com"}}, {"model": "boutique.contact", "pk": 24, "fields": {"prenom": "suiramadji", "nom": "", "numero_de_telephone": null, "adress": "", "email": "seriamedard@gmail.com"}}, {"model": "boutique.commande", "pk": 17, "fields": {"nom": "Commande N\u00b0 17", "date": "2020-09-01T14:35:08.776Z", "panier": null, "contact": 17, "produit": 29, "method": "L", "valider": false}}, {"model": "boutique.commande", "pk": 18, "fields": {"nom": "Commande N\u00b0 18", "date": "2020-09-18T08:36:41.735Z", "panier": 103, "contact": 18, "produit": null, "method": "L", "valider": false}}, {"model": "boutique.commande", "pk": 19, "fields": {"nom": "Commande N\u00b0 19", "date": "2020-10-29T14:54:36.375Z", "panier": 101, "contact": 22, "produit": null, "method": "V", "valider": false}}, {"model": "auth.permission", "pk": 1, "fields": {"name": "Can add log entry", "content_type": 1, "codename": "add_logentry"}}, {"model": "auth.permission", "pk": 2, "fields": {"name": "Can change log entry", "content_type": 1, "codename": "change_logentry"}}, {"model": "auth.permission", "pk": 3, "fields": {"name": "Can delete log entry", "content_type": 1, "codename": "delete_logentry"}}, {"model": "auth.permission", "pk": 4, "fields": {"name": "Can view log entry", "content_type": 1, "codename": "view_logentry"}}, {"model": "auth.permission", "pk": 5, "fields": {"name": "Can add permission", "content_type": 2, "codename": "add_permission"}}, {"model": "auth.permission", "pk": 6, "fields": {"name": "Can change permission", "content_type": 2, "codename": "change_permission"}}, {"model": "auth.permission", "pk": 7, "fields": {"name": "Can delete permission", "content_type": 2, "codename": "delete_permission"}}, {"model": "auth.permission", "pk": 8, "fields": {"name": "Can view permission", "content_type": 2, "codename": "view_permission"}}, {"model": "auth.permission", "pk": 9, "fields": {"name": "Can add group", "content_type": 3, "codename": "add_group"}}, {"model": "auth.permission", "pk": 10, "fields": {"name": "Can change group", "content_type": 3, "codename": "change_group"}}, {"model": "auth.permission", "pk": 11, "fields": {"name": "Can delete group", "content_type": 3, "codename": "delete_group"}}, {"model": "auth.permission", "pk": 12, "fields": {"name": "Can view group", "content_type": 3, "codename": "view_group"}}, {"model": "auth.permission", "pk": 13, "fields": {"name": "Can add user", "content_type": 4, "codename": "add_user"}}, {"model": "auth.permission", "pk": 14, "fields": {"name": "Can change user", "content_type": 4, "codename": "change_user"}}, {"model": "auth.permission", "pk": 15, "fields": {"name": "Can delete user", "content_type": 4, "codename": "delete_user"}}, {"model": "auth.permission", "pk": 16, "fields": {"name": "Can view user", "content_type": 4, "codename": "view_user"}}, {"model": "auth.permission", "pk": 17, "fields": {"name": "Can add content type", "content_type": 5, "codename": "add_contenttype"}}, {"model": "auth.permission", "pk": 18, "fields": {"name": "Can change content type", "content_type": 5, "codename": "change_contenttype"}}, {"model": "auth.permission", "pk": 19, "fields": {"name": "Can delete content type", "content_type": 5, "codename": "delete_contenttype"}}, {"model": "auth.permission", "pk": 20, "fields": {"name": "Can view content type", "content_type": 5, "codename": "view_contenttype"}}, {"model": "auth.permission", "pk": 21, "fields": {"name": "Can add session", "content_type": 6, "codename": "add_session"}}, {"model": "auth.permission", "pk": 22, "fields": {"name": "Can change session", "content_type": 6, "codename": "change_session"}}, {"model": "auth.permission", "pk": 23, "fields": {"name": "Can delete session", "content_type": 6, "codename": "delete_session"}}, {"model": "auth.permission", "pk": 24, "fields": {"name": "Can view session", "content_type": 6, "codename": "view_session"}}, {"model": "auth.permission", "pk": 25, "fields": {"name": "Can add sous categorie", "content_type": 7, "codename": "add_souscategorie"}}, {"model": "auth.permission", "pk": 26, "fields": {"name": "Can change sous categorie", "content_type": 7, "codename": "change_souscategorie"}}, {"model": "auth.permission", "pk": 27, "fields": {"name": "Can delete sous categorie", "content_type": 7, "codename": "delete_souscategorie"}}, {"model": "auth.permission", "pk": 28, "fields": {"name": "Can view sous categorie", "content_type": 7, "codename": "view_souscategorie"}}, {"model": "auth.permission", "pk": 29, "fields": {"name": "Can add produit", "content_type": 8, "codename": "add_produit"}}, {"model": "auth.permission", "pk": 30, "fields": {"name": "Can change produit", "content_type": 8, "codename": "change_produit"}}, {"model": "auth.permission", "pk": 31, "fields": {"name": "Can delete produit", "content_type": 8, "codename": "delete_produit"}}, {"model": "auth.permission", "pk": 32, "fields": {"name": "Can view produit", "content_type": 8, "codename": "view_produit"}}, {"model": "auth.permission", "pk": 33, "fields": {"name": "Can add categorie", "content_type": 9, "codename": "add_categorie"}}, {"model": "auth.permission", "pk": 34, "fields": {"name": "Can change categorie", "content_type": 9, "codename": "change_categorie"}}, {"model": "auth.permission", "pk": 35, "fields": {"name": "Can delete categorie", "content_type": 9, "codename": "delete_categorie"}}, {"model": "auth.permission", "pk": 36, "fields": {"name": "Can view categorie", "content_type": 9, "codename": "view_categorie"}}, {"model": "auth.permission", "pk": 37, "fields": {"name": "Can add panier", "content_type": 10, "codename": "add_panier"}}, {"model": "auth.permission", "pk": 38, "fields": {"name": "Can change panier", "content_type": 10, "codename": "change_panier"}}, {"model": "auth.permission", "pk": 39, "fields": {"name": "Can delete panier", "content_type": 10, "codename": "delete_panier"}}, {"model": "auth.permission", "pk": 40, "fields": {"name": "Can view panier", "content_type": 10, "codename": "view_panier"}}, {"model": "auth.permission", "pk": 41, "fields": {"name": "Can add compte user", "content_type": 11, "codename": "add_compteuser"}}, {"model": "auth.permission", "pk": 42, "fields": {"name": "Can change compte user", "content_type": 11, "codename": "change_compteuser"}}, {"model": "auth.permission", "pk": 43, "fields": {"name": "Can delete compte user", "content_type": 11, "codename": "delete_compteuser"}}, {"model": "auth.permission", "pk": 44, "fields": {"name": "Can view compte user", "content_type": 11, "codename": "view_compteuser"}}, {"model": "auth.permission", "pk": 45, "fields": {"name": "Can add contact", "content_type": 12, "codename": "add_contact"}}, {"model": "auth.permission", "pk": 46, "fields": {"name": "Can change contact", "content_type": 12, "codename": "change_contact"}}, {"model": "auth.permission", "pk": 47, "fields": {"name": "Can delete contact", "content_type": 12, "codename": "delete_contact"}}, {"model": "auth.permission", "pk": 48, "fields": {"name": "Can view contact", "content_type": 12, "codename": "view_contact"}}, {"model": "auth.permission", "pk": 49, "fields": {"name": "Can add media", "content_type": 13, "codename": "add_media"}}, {"model": "auth.permission", "pk": 50, "fields": {"name": "Can change media", "content_type": 13, "codename": "change_media"}}, {"model": "auth.permission", "pk": 51, "fields": {"name": "Can delete media", "content_type": 13, "codename": "delete_media"}}, {"model": "auth.permission", "pk": 52, "fields": {"name": "Can view media", "content_type": 13, "codename": "view_media"}}, {"model": "auth.permission", "pk": 53, "fields": {"name": "Can add bug", "content_type": 14, "codename": "add_bug"}}, {"model": "auth.permission", "pk": 54, "fields": {"name": "Can change bug", "content_type": 14, "codename": "change_bug"}}, {"model": "auth.permission", "pk": 55, "fields": {"name": "Can delete bug", "content_type": 14, "codename": "delete_bug"}}, {"model": "auth.permission", "pk": 56, "fields": {"name": "Can view bug", "content_type": 14, "codename": "view_bug"}}, {"model": "auth.permission", "pk": 57, "fields": {"name": "Can add Demande exterieure", "content_type": 15, "codename": "add_avisdemande"}}, {"model": "auth.permission", "pk": 58, "fields": {"name": "Can change Demande exterieure", "content_type": 15, "codename": "change_avisdemande"}}, {"model": "auth.permission", "pk": 59, "fields": {"name": "Can delete Demande exterieure", "content_type": 15, "codename": "delete_avisdemande"}}, {"model": "auth.permission", "pk": 60, "fields": {"name": "Can view Demande exterieure", "content_type": 15, "codename": "view_avisdemande"}}, {"model": "auth.permission", "pk": 61, "fields": {"name": "Can add commande", "content_type": 16, "codename": "add_commande"}}, {"model": "auth.permission", "pk": 62, "fields": {"name": "Can change commande", "content_type": 16, "codename": "change_commande"}}, {"model": "auth.permission", "pk": 63, "fields": {"name": "Can delete commande", "content_type": 16, "codename": "delete_commande"}}, {"model": "auth.permission", "pk": 64, "fields": {"name": "Can view commande", "content_type": 16, "codename": "view_commande"}}, {"model": "auth.permission", "pk": 65, "fields": {"name": "Can add Theme", "content_type": 17, "codename": "add_theme"}}, {"model": "auth.permission", "pk": 66, "fields": {"name": "Can change Theme", "content_type": 17, "codename": "change_theme"}}, {"model": "auth.permission", "pk": 67, "fields": {"name": "Can delete Theme", "content_type": 17, "codename": "delete_theme"}}, {"model": "auth.permission", "pk": 68, "fields": {"name": "Can view Theme", "content_type": 17, "codename": "view_theme"}}, {"model": "auth.permission", "pk": 69, "fields": {"name": "Can add panier item", "content_type": 18, "codename": "add_panieritem"}}, {"model": "auth.permission", "pk": 70, "fields": {"name": "Can change panier item", "content_type": 18, "codename": "change_panieritem"}}, {"model": "auth.permission", "pk": 71, "fields": {"name": "Can delete panier item", "content_type": 18, "codename": "delete_panieritem"}}, {"model": "auth.permission", "pk": 72, "fields": {"name": "Can view panier item", "content_type": 18, "codename": "view_panieritem"}}, {"model": "auth.user", "pk": 1, "fields": {"password": "pbkdf2_sha256$150000$uHIDVf2Ilvvw$dnG+NuNmF4UrSrrDMts6I1IoQcYwhUDdzUSvx+hjYPs=", "last_login": "2021-02-07T19:57:04.478Z", "is_superuser": true, "username": "asus", "first_name": "", "last_name": "", "email": "seriamedard@gmail.com", "is_staff": true, "is_active": true, "date_joined": "2020-07-14T21:08:06.771Z", "groups": [], "user_permissions": []}}, {"model": "auth.user", "pk": 27, "fields": {"password": "pbkdf2_sha256$150000$ATWro5VdNKyT$VGId/kS8FsLqk97sVsNSe8b8XMQl0toTHWzTKIJK1J0=", "last_login": "2022-08-22T20:50:58.870Z", "is_superuser": false, "username": "medard", "first_name": "sobkika", "last_name": "kal", "email": "seriamedard@gmail.com", "is_staff": false, "is_active": true, "date_joined": "2020-07-20T18:49:22.849Z", "groups": [], "user_permissions": []}}, {"model": "auth.user", "pk": 30, "fields": {"password": "pbkdf2_sha256$150000$FaUAKabkdD73$ScqMiktwEXELV8Wc3leog/SFiwPH8+gskGgElyNUFfU=", "last_login": "2020-07-24T14:37:53.667Z", "is_superuser": false, "username": "planet23", "first_name": "dark", "last_name": "planet", "email": "planetdark23@gmail.com", "is_staff": false, "is_active": true, "date_joined": "2020-07-24T13:50:53.637Z", "groups": [], "user_permissions": []}}, {"model": "auth.user", "pk": 31, "fields": {"password": "pbkdf2_sha256$150000$qacvKoGb73ba$rlRH/LeNjokxTzLwtfDWQZ6jkpDu7yXFK5sEUeSrqI8=", "last_login": "2020-07-25T12:35:23.054Z", "is_superuser": false, "username": "seriamedard", "first_name": "Seria", "last_name": "Medard", "email": "medardseria@gmail.com", "is_staff": false, "is_active": true, "date_joined": "2020-07-24T14:53:30.056Z", "groups": [], "user_permissions": []}}, {"model": "auth.user", "pk": 32, "fields": {"password": "pbkdf2_sha256$150000$xS2qkrXtycPy$R6gOaTGCxSXlmWJ3eeNlZwkMyrGYmziR367cYZjCFv8=", "last_login": "2020-08-05T12:04:34.808Z", "is_superuser": false, "username": "planetdark", "first_name": "Seria", "last_name": "Medard", "email": "planetdark23@gmail.com", "is_staff": false, "is_active": true, "date_joined": "2020-08-05T12:04:33.082Z", "groups": [], "user_permissions": []}}, {"model": "auth.user", "pk": 33, "fields": {"password": "pbkdf2_sha256$150000$MCV5f9yiOISR$MYr9RFsMTS9dZ2iJnDJZ2AiS9v/NnZhvXNKvy++bs8g=", "last_login": "2020-08-31T14:44:19.951Z", "is_superuser": false, "username": "nouria", "first_name": "KABORE", "last_name": "NOURIA", "email": "Nouria.kabore.pge2018@gmail.com", "is_staff": false, "is_active": true, "date_joined": "2020-08-31T14:44:18.538Z", "groups": [], "user_permissions": []}}, {"model": "auth.user", "pk": 34, "fields": {"password": "pbkdf2_sha256$150000$wI1NFQm9K6Mi$FODOTdvAF5w17HuIys1P9Ayi0DRgV2mHWEDv33h4Exs=", "last_login": "2020-11-28T21:09:32.433Z", "is_superuser": false, "username": "seria", "first_name": "seria", "last_name": "medard", "email": "seria@gmail.com", "is_staff": false, "is_active": true, "date_joined": "2020-11-28T21:09:29.801Z", "groups": [], "user_permissions": []}}, {"model": "auth.user", "pk": 35, "fields": {"password": "pbkdf2_sha256$150000$R8kJB8xZ5CtR$1jwR0MgvErQHaR9LlofGpyW8Kiak9atqH2kcDfv02Aw=", "last_login": "2022-07-25T20:03:53.659Z", "is_superuser": true, "username": "madara", "first_name": "", "last_name": "", "email": "seriamedard@gmail.com", "is_staff": true, "is_active": true, "date_joined": "2022-07-25T20:03:21.375Z", "groups": [], "user_permissions": []}}, {"model": "boutique.compteuser", "pk": 20, "fields": {"user": 27, "bio": "salut!", "inscrit_newsletter": false}}, {"model": "boutique.compteuser", "pk": 23, "fields": {"user": 30, "bio": null, "inscrit_newsletter": false}}, {"model": "boutique.compteuser", "pk": 24, "fields": {"user": 31, "bio": "Je suis un agitateur.", "inscrit_newsletter": true}}, {"model": "boutique.compteuser", "pk": 25, "fields": {"user": 1, "bio": null, "inscrit_newsletter": false}}, {"model": "boutique.compteuser", "pk": 26, "fields": {"user": 32, "bio": null, "inscrit_newsletter": false}}, {"model": "boutique.compteuser", "pk": 27, "fields": {"user": 33, "bio": null, "inscrit_newsletter": false}}, {"model": "boutique.compteuser", "pk": 28, "fields": {"user": 34, "bio": null, "inscrit_newsletter": false}}, {"model": "admin.logentry", "pk": 1, "fields": {"action_time": "2020-07-14T21:40:25.744Z", "user": 1, "content_type": 9, "object_id": "1", "object_repr": "Ordinateurs", "action_flag": 1, "change_message": "[{\"added\": {}}]"}}, {"model": "admin.logentry", "pk": 2, "fields": {"action_time": "2020-07-14T21:40:45.627Z", "user": 1, "content_type": 9, "object_id": "2", "object_repr": "Smartphone", "action_flag": 1, "change_message": "[{\"added\": {}}]"}}, {"model": "admin.logentry", "pk": 3, "fields": {"action_time": "2020-07-14T21:41:03.969Z", "user": 1, "content_type": 7, "object_id": "1", "object_repr": "Apple", "action_flag": 1, "change_message": "[{\"added\": {}}]"}}, {"model": "admin.logentry", "pk": 4, "fields": {"action_time": "2020-07-14T21:41:13.109Z", "user": 1, "content_type": 7, "object_id": "2", "object_repr": "Samsung", "action_flag": 1, "change_message": "[{\"added\": {}}]"}}, {"model": "admin.logentry", "pk": 5, "fields": {"action_time": "2020-07-14T21:41:25.813Z", "user": 1, "content_type": 7, "object_id": "3", "object_repr": "Toshiba", "action_flag": 1, "change_message": "[{\"added\": {}}]"}}, {"model": "admin.logentry", "pk": 6, "fields": {"action_time": "2020-07-14T21:41:32.727Z", "user": 1, "content_type": 7, "object_id": "4", "object_repr": "Nokia", "action_flag": 1, "change_message": "[{\"added\": {}}]"}}, {"model": "admin.logentry", "pk": 7, "fields": {"action_time": "2020-07-14T21:41:39.628Z", "user": 1, "content_type": 7, "object_id": "5", "object_repr": "Huawei", "action_flag": 1, "change_message": "[{\"added\": {}}]"}}, {"model": "admin.logentry", "pk": 8, "fields": {"action_time": "2020-07-14T22:00:34.560Z", "user": 1, "content_type": 8, "object_id": "1", "object_repr": "Iphone X", "action_flag": 1, "change_message": "[{\"added\": {}}]"}}, {"model": "admin.logentry", "pk": 9, "fields": {"action_time": "2020-07-14T22:04:35.733Z", "user": 1, "content_type": 8, "object_id": "2", "object_repr": "Galaxy S20+", "action_flag": 1, "change_message": "[{\"added\": {}}]"}}, {"model": "admin.logentry", "pk": 10, "fields": {"action_time": "2020-07-14T22:07:19.701Z", "user": 1, "content_type": 7, "object_id": "6", "object_repr": "Sony", "action_flag": 1, "change_message": "[{\"added\": {}}]"}}, {"model": "admin.logentry", "pk": 11, "fields": {"action_time": "2020-07-14T22:08:12.844Z", "user": 1, "content_type": 8, "object_id": "3", "object_repr": "Sony Xperia 10", "action_flag": 1, "change_message": "[{\"added\": {}}]"}}, {"model": "admin.logentry", "pk": 12, "fields": {"action_time": "2020-07-14T22:13:32.725Z", "user": 1, "content_type": 8, "object_id": "3", "object_repr": "Sony Xperia 10", "action_flag": 2, "change_message": "[{\"changed\": {\"fields\": [\"categorie\"]}}]"}}, {"model": "admin.logentry", "pk": 13, "fields": {"action_time": "2020-07-14T22:13:43.742Z", "user": 1, "content_type": 8, "object_id": "2", "object_repr": "Galaxy S20+", "action_flag": 2, "change_message": "[{\"changed\": {\"fields\": [\"categorie\"]}}]"}}, {"model": "admin.logentry", "pk": 14, "fields": {"action_time": "2020-07-14T22:13:51.696Z", "user": 1, "content_type": 8, "object_id": "1", "object_repr": "Iphone X", "action_flag": 2, "change_message": "[{\"changed\": {\"fields\": [\"categorie\"]}}]"}}, {"model": "admin.logentry", "pk": 15, "fields": {"action_time": "2020-07-14T22:16:07.210Z", "user": 1, "content_type": 8, "object_id": "4", "object_repr": "MacBook Air MQD32FN 13.3", "action_flag": 1, "change_message": "[{\"added\": {}}]"}}, {"model": "admin.logentry", "pk": 16, "fields": {"action_time": "2020-07-15T12:26:06.489Z", "user": 1, "content_type": 8, "object_id": "1", "object_repr": "Iphone X", "action_flag": 2, "change_message": "[{\"changed\": {\"fields\": [\"image\"]}}]"}}, {"model": "admin.logentry", "pk": 17, "fields": {"action_time": "2020-07-15T12:27:32.970Z", "user": 1, "content_type": 8, "object_id": "3", "object_repr": "Sony Xperia 10", "action_flag": 2, "change_message": "[{\"changed\": {\"fields\": [\"image\"]}}]"}}, {"model": "admin.logentry", "pk": 18, "fields": {"action_time": "2020-07-15T12:27:57.196Z", "user": 1, "content_type": 8, "object_id": "4", "object_repr": "MacBook Air MQD32FN 13.3", "action_flag": 2, "change_message": "[]"}}, {"model": "admin.logentry", "pk": 19, "fields": {"action_time": "2020-07-15T21:01:06.293Z", "user": 1, "content_type": 7, "object_id": "7", "object_repr": "Asus", "action_flag": 1, "change_message": "[{\"added\": {}}]"}}, {"model": "admin.logentry", "pk": 20, "fields": {"action_time": "2020-07-15T21:01:15.210Z", "user": 1, "content_type": 8, "object_id": "5", "object_repr": "Asus Zenbook 15", "action_flag": 1, "change_message": "[{\"added\": {}}]"}}, {"model": "admin.logentry", "pk": 21, "fields": {"action_time": "2020-07-15T21:26:04.429Z", "user": 1, "content_type": 7, "object_id": "8", "object_repr": "HP", "action_flag": 1, "change_message": "[{\"added\": {}}]"}}, {"model": "admin.logentry", "pk": 22, "fields": {"action_time": "2020-07-15T21:26:11.015Z", "user": 1, "content_type": 8, "object_id": "6", "object_repr": "HP Gaming Pavilion 17", "action_flag": 1, "change_message": "[{\"added\": {}}]"}}, {"model": "admin.logentry", "pk": 23, "fields": {"action_time": "2020-07-15T21:32:42.136Z", "user": 1, "content_type": 9, "object_id": "3", "object_repr": "Casques", "action_flag": 1, "change_message": "[{\"added\": {}}]"}}, {"model": "admin.logentry", "pk": 24, "fields": {"action_time": "2020-07-15T21:33:59.792Z", "user": 1, "content_type": 9, "object_id": "1", "object_repr": "Ordinateurs", "action_flag": 2, "change_message": "[{\"changed\": {\"fields\": [\"souscategorie\"]}}]"}}, {"model": "admin.logentry", "pk": 25, "fields": {"action_time": "2020-07-15T21:34:20.688Z", "user": 1, "content_type": 9, "object_id": "2", "object_repr": "Smartphone", "action_flag": 2, "change_message": "[{\"changed\": {\"fields\": [\"souscategorie\"]}}]"}}, {"model": "admin.logentry", "pk": 26, "fields": {"action_time": "2020-07-16T00:22:44.529Z", "user": 1, "content_type": 8, "object_id": "7", "object_repr": "Gaming Asus ROG", "action_flag": 1, "change_message": "[{\"added\": {}}]"}}, {"model": "admin.logentry", "pk": 27, "fields": {"action_time": "2020-07-16T00:31:43.750Z", "user": 1, "content_type": 8, "object_id": "8", "object_repr": "Macbook Air 13.3", "action_flag": 1, "change_message": "[{\"added\": {}}]"}}, {"model": "admin.logentry", "pk": 28, "fields": {"action_time": "2020-07-16T00:34:05.543Z", "user": 1, "content_type": 8, "object_id": "9", "object_repr": "Asus VivoBook S15", "action_flag": 1, "change_message": "[{\"added\": {}}]"}}, {"model": "admin.logentry", "pk": 29, "fields": {"action_time": "2020-07-16T00:36:58.086Z", "user": 1, "content_type": 8, "object_id": "10", "object_repr": "HP OMEN 15", "action_flag": 1, "change_message": "[{\"added\": {}}]"}}, {"model": "admin.logentry", "pk": 30, "fields": {"action_time": "2020-07-16T00:38:55.049Z", "user": 1, "content_type": 8, "object_id": "11", "object_repr": "Huawei MateBook D 14", "action_flag": 1, "change_message": "[{\"added\": {}}]"}}, {"model": "admin.logentry", "pk": 31, "fields": {"action_time": "2020-07-16T00:42:02.318Z", "user": 1, "content_type": 8, "object_id": "12", "object_repr": "Asus UX581GV-H2038R", "action_flag": 1, "change_message": "[{\"added\": {}}]"}}, {"model": "admin.logentry", "pk": 32, "fields": {"action_time": "2020-07-16T00:43:45.186Z", "user": 1, "content_type": 8, "object_id": "13", "object_repr": "Pack PC Ultra-Portable HP 14s", "action_flag": 1, "change_message": "[{\"added\": {}}]"}}, {"model": "admin.logentry", "pk": 33, "fields": {"action_time": "2020-07-16T00:46:10.856Z", "user": 1, "content_type": 8, "object_id": "14", "object_repr": "iPhone 11 Pro Max 64 Go 6.5", "action_flag": 1, "change_message": "[{\"added\": {}}]"}}, {"model": "admin.logentry", "pk": 34, "fields": {"action_time": "2020-07-16T12:14:12.527Z", "user": 1, "content_type": 8, "object_id": "15", "object_repr": "Huawei P20 Pro", "action_flag": 1, "change_message": "[{\"added\": {}}]"}}, {"model": "admin.logentry", "pk": 35, "fields": {"action_time": "2020-07-16T12:15:53.874Z", "user": 1, "content_type": 8, "object_id": "16", "object_repr": "Huawei P30", "action_flag": 1, "change_message": "[{\"added\": {}}]"}}, {"model": "admin.logentry", "pk": 36, "fields": {"action_time": "2020-07-16T12:17:33.215Z", "user": 1, "content_type": 8, "object_id": "17", "object_repr": "Huawei P30 Pro 6.47", "action_flag": 1, "change_message": "[{\"added\": {}}]"}}, {"model": "admin.logentry", "pk": 37, "fields": {"action_time": "2020-07-16T12:19:59.926Z", "user": 1, "content_type": 8, "object_id": "11", "object_repr": "Huawei MateBook D 14", "action_flag": 2, "change_message": "[]"}}, {"model": "admin.logentry", "pk": 38, "fields": {"action_time": "2020-07-16T12:20:27.682Z", "user": 1, "content_type": 9, "object_id": "1", "object_repr": "Ordinateurs", "action_flag": 2, "change_message": "[{\"changed\": {\"fields\": [\"souscategorie\"]}}]"}}, {"model": "admin.logentry", "pk": 39, "fields": {"action_time": "2020-07-16T12:21:10.264Z", "user": 1, "content_type": 9, "object_id": "1", "object_repr": "Ordinateurs", "action_flag": 2, "change_message": "[{\"changed\": {\"fields\": [\"souscategorie\"]}}]"}}, {"model": "admin.logentry", "pk": 40, "fields": {"action_time": "2020-07-16T12:23:43.631Z", "user": 1, "content_type": 8, "object_id": "18", "object_repr": "Huawei MateBook D 15", "action_flag": 1, "change_message": "[{\"added\": {}}]"}}, {"model": "admin.logentry", "pk": 41, "fields": {"action_time": "2020-07-16T12:25:59.793Z", "user": 1, "content_type": 8, "object_id": "19", "object_repr": "Huawei MateBook X Pro", "action_flag": 1, "change_message": "[{\"added\": {}}]"}}, {"model": "admin.logentry", "pk": 42, "fields": {"action_time": "2020-07-16T12:30:58.367Z", "user": 1, "content_type": 8, "object_id": "20", "object_repr": "Samsung Galaxy S10", "action_flag": 1, "change_message": "[{\"added\": {}}]"}}, {"model": "admin.logentry", "pk": 43, "fields": {"action_time": "2020-07-16T12:32:59.537Z", "user": 1, "content_type": 8, "object_id": "21", "object_repr": "Galaxy S20 Ultra 5G", "action_flag": 1, "change_message": "[{\"added\": {}}]"}}, {"model": "admin.logentry", "pk": 44, "fields": {"action_time": "2020-07-16T12:35:21.242Z", "user": 1, "content_type": 8, "object_id": "22", "object_repr": "MacBook Pro Touch Bar 16", "action_flag": 1, "change_message": "[{\"added\": {}}]"}}, {"model": "admin.logentry", "pk": 45, "fields": {"action_time": "2020-07-16T12:37:02.549Z", "user": 1, "content_type": 8, "object_id": "12", "object_repr": "Asus UX581GV-H2038R", "action_flag": 2, "change_message": "[{\"changed\": {\"fields\": [\"image\"]}}]"}}, {"model": "admin.logentry", "pk": 46, "fields": {"action_time": "2020-07-16T12:54:27.281Z", "user": 1, "content_type": 8, "object_id": "22", "object_repr": "MacBook Pro Touch Bar 16", "action_flag": 2, "change_message": "[{\"changed\": {\"fields\": [\"promotion\", \"image\"]}}]"}}, {"model": "admin.logentry", "pk": 47, "fields": {"action_time": "2020-07-17T02:06:27.036Z", "user": 1, "content_type": 8, "object_id": "1", "object_repr": "Iphone X", "action_flag": 2, "change_message": "[{\"changed\": {\"fields\": [\"premier_prix\"]}}]"}}, {"model": "admin.logentry", "pk": 48, "fields": {"action_time": "2020-07-17T02:09:01.742Z", "user": 1, "content_type": 8, "object_id": "22", "object_repr": "MacBook Pro Touch Bar 16", "action_flag": 2, "change_message": "[{\"changed\": {\"fields\": [\"taux_reduction\"]}}]"}}, {"model": "admin.logentry", "pk": 49, "fields": {"action_time": "2020-07-17T02:22:02.256Z", "user": 1, "content_type": 8, "object_id": "23", "object_repr": "iPhone 11 Pro Max 256", "action_flag": 1, "change_message": "[{\"added\": {}}]"}}, {"model": "admin.logentry", "pk": 50, "fields": {"action_time": "2020-07-17T02:22:30.846Z", "user": 1, "content_type": 8, "object_id": "23", "object_repr": "iPhone 11 Pro Max 256", "action_flag": 2, "change_message": "[{\"changed\": {\"fields\": [\"image\"]}}]"}}, {"model": "admin.logentry", "pk": 51, "fields": {"action_time": "2020-07-17T02:36:58.716Z", "user": 1, "content_type": 7, "object_id": "9", "object_repr": "Smart Watch", "action_flag": 1, "change_message": "[{\"added\": {}}]"}}, {"model": "admin.logentry", "pk": 52, "fields": {"action_time": "2020-07-17T02:38:18.194Z", "user": 1, "content_type": 9, "object_id": "4", "object_repr": "Smart Watch", "action_flag": 1, "change_message": "[{\"added\": {}}]"}}, {"model": "admin.logentry", "pk": 53, "fields": {"action_time": "2020-07-17T02:38:56.633Z", "user": 1, "content_type": 8, "object_id": "24", "object_repr": "Apple Watch Series 3", "action_flag": 1, "change_message": "[{\"added\": {}}]"}}, {"model": "admin.logentry", "pk": 54, "fields": {"action_time": "2020-07-17T02:39:43.603Z", "user": 1, "content_type": 7, "object_id": "9", "object_repr": "Smart Watch", "action_flag": 3, "change_message": ""}}, {"model": "admin.logentry", "pk": 55, "fields": {"action_time": "2020-07-17T02:40:17.956Z", "user": 1, "content_type": 8, "object_id": "24", "object_repr": "Apple Watch Series 3", "action_flag": 2, "change_message": "[{\"changed\": {\"fields\": [\"image\"]}}]"}}, {"model": "admin.logentry", "pk": 56, "fields": {"action_time": "2020-07-17T02:43:47.052Z", "user": 1, "content_type": 8, "object_id": "25", "object_repr": "Garmin Vivoactive 3", "action_flag": 1, "change_message": "[{\"added\": {}}]"}}, {"model": "admin.logentry", "pk": 57, "fields": {"action_time": "2020-07-17T02:46:50.202Z", "user": 1, "content_type": 8, "object_id": "26", "object_repr": "Watch Series 3 Gris sid\u00e9ral", "action_flag": 1, "change_message": "[{\"added\": {}}]"}}, {"model": "admin.logentry", "pk": 58, "fields": {"action_time": "2020-07-17T02:48:54.125Z", "user": 1, "content_type": 8, "object_id": "27", "object_repr": "Galaxy Watch Active2 4G", "action_flag": 1, "change_message": "[{\"added\": {}}]"}}, {"model": "admin.logentry", "pk": 59, "fields": {"action_time": "2020-07-17T02:50:51.485Z", "user": 1, "content_type": 8, "object_id": "28", "object_repr": "Samsung Galaxy Watch 42 Carbone", "action_flag": 1, "change_message": "[{\"added\": {}}]"}}, {"model": "admin.logentry", "pk": 60, "fields": {"action_time": "2020-07-17T02:53:40.574Z", "user": 1, "content_type": 8, "object_id": "29", "object_repr": "Apple Watch Aluminium Argent", "action_flag": 1, "change_message": "[{\"added\": {}}]"}}, {"model": "admin.logentry", "pk": 61, "fields": {"action_time": "2020-07-17T02:54:20.852Z", "user": 1, "content_type": 8, "object_id": "26", "object_repr": "Watch Series 3 Gris sid\u00e9ral", "action_flag": 2, "change_message": "[{\"changed\": {\"fields\": [\"image\"]}}]"}}, {"model": "admin.logentry", "pk": 62, "fields": {"action_time": "2020-07-17T11:12:07.829Z", "user": 1, "content_type": 9, "object_id": "1", "object_repr": "Ordinateurs", "action_flag": 2, "change_message": "[{\"changed\": {\"fields\": [\"souscategorie\"]}}]"}}, {"model": "admin.logentry", "pk": 63, "fields": {"action_time": "2020-07-17T11:13:07.779Z", "user": 1, "content_type": 9, "object_id": "3", "object_repr": "Tablette", "action_flag": 2, "change_message": "[{\"changed\": {\"fields\": [\"nom\", \"souscategorie\"]}}]"}}, {"model": "admin.logentry", "pk": 64, "fields": {"action_time": "2020-07-17T12:02:03.562Z", "user": 1, "content_type": 8, "object_id": "30", "object_repr": "Pack Tablette Samsung Galaxy Tab S5e", "action_flag": 1, "change_message": "[{\"added\": {}}]"}}, {"model": "admin.logentry", "pk": 65, "fields": {"action_time": "2020-07-17T12:13:04.715Z", "user": 1, "content_type": 8, "object_id": "31", "object_repr": "Samsung Galaxy Tab A 10", "action_flag": 1, "change_message": "[{\"added\": {}}]"}}, {"model": "admin.logentry", "pk": 66, "fields": {"action_time": "2020-07-17T12:16:53.084Z", "user": 1, "content_type": 8, "object_id": "32", "object_repr": "Galaxy Tab S5e", "action_flag": 1, "change_message": "[{\"added\": {}}]"}}, {"model": "admin.logentry", "pk": 67, "fields": {"action_time": "2020-07-17T12:23:15.256Z", "user": 1, "content_type": 8, "object_id": "33", "object_repr": "iPad Apple 32 Go", "action_flag": 1, "change_message": "[{\"added\": {}}]"}}, {"model": "admin.logentry", "pk": 68, "fields": {"action_time": "2020-07-17T12:27:06.369Z", "user": 1, "content_type": 8, "object_id": "34", "object_repr": "Nouvel iPad Pro", "action_flag": 1, "change_message": "[{\"added\": {}}]"}}, {"model": "admin.logentry", "pk": 69, "fields": {"action_time": "2020-07-17T12:39:37.142Z", "user": 1, "content_type": 8, "object_id": "22", "object_repr": "MacBook Pro Touch Bar 16", "action_flag": 2, "change_message": "[{\"changed\": {\"fields\": [\"image\"]}}]"}}, {"model": "admin.logentry", "pk": 70, "fields": {"action_time": "2020-07-17T13:09:40.126Z", "user": 1, "content_type": 8, "object_id": "22", "object_repr": "MacBook Pro Touch Bar 16", "action_flag": 2, "change_message": "[{\"changed\": {\"fields\": [\"etoile\"]}}]"}}, {"model": "admin.logentry", "pk": 71, "fields": {"action_time": "2020-07-17T13:11:48.965Z", "user": 1, "content_type": 8, "object_id": "22", "object_repr": "MacBook Pro Touch Bar 16", "action_flag": 2, "change_message": "[{\"changed\": {\"fields\": [\"etoile\"]}}]"}}, {"model": "admin.logentry", "pk": 72, "fields": {"action_time": "2020-07-17T16:59:32.292Z", "user": 1, "content_type": 8, "object_id": "34", "object_repr": "Nouvel iPad Pro", "action_flag": 2, "change_message": "[{\"changed\": {\"fields\": [\"quantite\"]}}]"}}, {"model": "admin.logentry", "pk": 73, "fields": {"action_time": "2020-07-17T17:00:28.988Z", "user": 1, "content_type": 8, "object_id": "34", "object_repr": "Nouvel iPad Pro", "action_flag": 2, "change_message": "[{\"changed\": {\"fields\": [\"disponible\"]}}]"}}, {"model": "admin.logentry", "pk": 74, "fields": {"action_time": "2020-07-17T17:02:36.652Z", "user": 1, "content_type": 8, "object_id": "34", "object_repr": "Nouvel iPad Pro", "action_flag": 2, "change_message": "[{\"changed\": {\"fields\": [\"quantite\", \"disponible\"]}}]"}}, {"model": "admin.logentry", "pk": 75, "fields": {"action_time": "2020-07-18T23:35:23.738Z", "user": 1, "content_type": 8, "object_id": "4", "object_repr": "MacBook Air MQD32FN 13.3", "action_flag": 3, "change_message": ""}}, {"model": "admin.logentry", "pk": 76, "fields": {"action_time": "2020-07-18T23:44:05.249Z", "user": 1, "content_type": 8, "object_id": "29", "object_repr": "Apple Watch Aluminium Argent", "action_flag": 2, "change_message": "[{\"changed\": {\"fields\": [\"prix\"]}}]"}}, {"model": "admin.logentry", "pk": 77, "fields": {"action_time": "2020-07-18T23:44:21.691Z", "user": 1, "content_type": 8, "object_id": "28", "object_repr": "Samsung Galaxy Watch 42 Carbone", "action_flag": 2, "change_message": "[{\"changed\": {\"fields\": [\"prix\"]}}]"}}, {"model": "admin.logentry", "pk": 78, "fields": {"action_time": "2020-07-18T23:44:43.353Z", "user": 1, "content_type": 8, "object_id": "27", "object_repr": "Galaxy Watch Active2 4G", "action_flag": 2, "change_message": "[{\"changed\": {\"fields\": [\"premier_prix\", \"prix\"]}}]"}}, {"model": "admin.logentry", "pk": 79, "fields": {"action_time": "2020-07-18T23:45:11.252Z", "user": 1, "content_type": 8, "object_id": "25", "object_repr": "Garmin Vivoactive 3", "action_flag": 2, "change_message": "[{\"changed\": {\"fields\": [\"prix\"]}}]"}}, {"model": "admin.logentry", "pk": 80, "fields": {"action_time": "2020-07-18T23:45:51.690Z", "user": 1, "content_type": 8, "object_id": "1", "object_repr": "Iphone X", "action_flag": 2, "change_message": "[{\"changed\": {\"fields\": [\"premier_prix\", \"prix\"]}}]"}}, {"model": "admin.logentry", "pk": 81, "fields": {"action_time": "2020-07-18T23:46:20.781Z", "user": 1, "content_type": 8, "object_id": "2", "object_repr": "Galaxy S20+", "action_flag": 2, "change_message": "[{\"changed\": {\"fields\": [\"premier_prix\", \"prix\"]}}]"}}, {"model": "admin.logentry", "pk": 82, "fields": {"action_time": "2020-07-18T23:46:44.479Z", "user": 1, "content_type": 8, "object_id": "3", "object_repr": "Sony Xperia 10", "action_flag": 2, "change_message": "[{\"changed\": {\"fields\": [\"premier_prix\", \"prix\"]}}]"}}, {"model": "admin.logentry", "pk": 83, "fields": {"action_time": "2020-07-18T23:47:23.467Z", "user": 1, "content_type": 8, "object_id": "16", "object_repr": "Huawei P30", "action_flag": 2, "change_message": "[{\"changed\": {\"fields\": [\"premier_prix\", \"prix\"]}}]"}}, {"model": "admin.logentry", "pk": 84, "fields": {"action_time": "2020-07-18T23:50:01.006Z", "user": 1, "content_type": 8, "object_id": "22", "object_repr": "MacBook Pro Touch Bar 16", "action_flag": 2, "change_message": "[{\"changed\": {\"fields\": [\"premier_prix\"]}}]"}}, {"model": "admin.logentry", "pk": 85, "fields": {"action_time": "2020-07-20T02:17:08.997Z", "user": 1, "content_type": 4, "object_id": "2", "object_repr": "Medard", "action_flag": 3, "change_message": ""}}, {"model": "admin.logentry", "pk": 86, "fields": {"action_time": "2020-07-20T02:17:09.027Z", "user": 1, "content_type": 4, "object_id": "8", "object_repr": "abakar", "action_flag": 3, "change_message": ""}}, {"model": "admin.logentry", "pk": 87, "fields": {"action_time": "2020-07-20T02:17:09.043Z", "user": 1, "content_type": 4, "object_id": "9", "object_repr": "abakarpol", "action_flag": 3, "change_message": ""}}, {"model": "admin.logentry", "pk": 88, "fields": {"action_time": "2020-07-20T02:17:09.063Z", "user": 1, "content_type": 4, "object_id": "11", "object_repr": "darwin", "action_flag": 3, "change_message": ""}}, {"model": "admin.logentry", "pk": 89, "fields": {"action_time": "2020-07-20T02:17:09.082Z", "user": 1, "content_type": 4, "object_id": "10", "object_repr": "medard", "action_flag": 3, "change_message": ""}}, {"model": "admin.logentry", "pk": 90, "fields": {"action_time": "2020-07-20T02:17:09.093Z", "user": 1, "content_type": 4, "object_id": "3", "object_repr": "seria", "action_flag": 3, "change_message": ""}}, {"model": "admin.logentry", "pk": 91, "fields": {"action_time": "2020-07-20T02:17:09.119Z", "user": 1, "content_type": 4, "object_id": "5", "object_repr": "seria23", "action_flag": 3, "change_message": ""}}, {"model": "admin.logentry", "pk": 92, "fields": {"action_time": "2020-07-20T02:17:09.136Z", "user": 1, "content_type": 4, "object_id": "6", "object_repr": "seria24", "action_flag": 3, "change_message": ""}}, {"model": "admin.logentry", "pk": 93, "fields": {"action_time": "2020-07-20T02:17:09.143Z", "user": 1, "content_type": 4, "object_id": "7", "object_repr": "seria26", "action_flag": 3, "change_message": ""}}, {"model": "admin.logentry", "pk": 94, "fields": {"action_time": "2020-07-20T02:17:09.172Z", "user": 1, "content_type": 4, "object_id": "4", "object_repr": "seria@23", "action_flag": 3, "change_message": ""}}, {"model": "admin.logentry", "pk": 95, "fields": {"action_time": "2020-07-20T02:17:09.191Z", "user": 1, "content_type": 4, "object_id": "12", "object_repr": "solal", "action_flag": 3, "change_message": ""}}, {"model": "admin.logentry", "pk": 96, "fields": {"action_time": "2020-07-20T02:20:07.855Z", "user": 1, "content_type": 4, "object_id": "13", "object_repr": "solal", "action_flag": 2, "change_message": "[]"}}, {"model": "admin.logentry", "pk": 97, "fields": {"action_time": "2020-07-20T15:47:22.153Z", "user": 1, "content_type": 11, "object_id": "17", "object_repr": "Profil de kalibe17", "action_flag": 3, "change_message": ""}}, {"model": "admin.logentry", "pk": 98, "fields": {"action_time": "2020-07-20T15:47:22.197Z", "user": 1, "content_type": 11, "object_id": "16", "object_repr": "Profil de kalibe10", "action_flag": 3, "change_message": ""}}, {"model": "admin.logentry", "pk": 99, "fields": {"action_time": "2020-07-20T15:47:22.233Z", "user": 1, "content_type": 11, "object_id": "15", "object_repr": "Profil de kalibe89", "action_flag": 3, "change_message": ""}}, {"model": "admin.logentry", "pk": 100, "fields": {"action_time": "2020-07-20T15:47:22.268Z", "user": 1, "content_type": 11, "object_id": "14", "object_repr": "Profil de kalibe25", "action_flag": 3, "change_message": ""}}, {"model": "admin.logentry", "pk": 101, "fields": {"action_time": "2020-07-20T15:47:22.302Z", "user": 1, "content_type": 11, "object_id": "13", "object_repr": "Profil de lewis", "action_flag": 3, "change_message": ""}}, {"model": "admin.logentry", "pk": 102, "fields": {"action_time": "2020-07-20T15:47:22.332Z", "user": 1, "content_type": 11, "object_id": "12", "object_repr": "Profil de polp", "action_flag": 3, "change_message": ""}}, {"model": "admin.logentry", "pk": 103, "fields": {"action_time": "2020-07-20T15:47:22.365Z", "user": 1, "content_type": 11, "object_id": "11", "object_repr": "Profil de charl", "action_flag": 3, "change_message": ""}}, {"model": "admin.logentry", "pk": 104, "fields": {"action_time": "2020-07-20T15:47:22.393Z", "user": 1, "content_type": 11, "object_id": "10", "object_repr": "Profil de merlin", "action_flag": 3, "change_message": ""}}, {"model": "admin.logentry", "pk": 105, "fields": {"action_time": "2020-07-20T15:47:22.420Z", "user": 1, "content_type": 11, "object_id": "9", "object_repr": "Profil de kevin", "action_flag": 3, "change_message": ""}}, {"model": "admin.logentry", "pk": 106, "fields": {"action_time": "2020-07-20T18:48:00.524Z", "user": 1, "content_type": 11, "object_id": "19", "object_repr": "Profil de asusolo", "action_flag": 3, "change_message": ""}}, {"model": "admin.logentry", "pk": 107, "fields": {"action_time": "2020-07-20T18:48:00.596Z", "user": 1, "content_type": 11, "object_id": "18", "object_repr": "Profil de asusol", "action_flag": 3, "change_message": ""}}, {"model": "admin.logentry", "pk": 108, "fields": {"action_time": "2020-07-20T18:58:21.308Z", "user": 1, "content_type": 4, "object_id": "25", "object_repr": "asusol", "action_flag": 3, "change_message": ""}}, {"model": "admin.logentry", "pk": 109, "fields": {"action_time": "2020-07-20T18:58:21.349Z", "user": 1, "content_type": 4, "object_id": "26", "object_repr": "asusolo", "action_flag": 3, "change_message": ""}}, {"model": "admin.logentry", "pk": 110, "fields": {"action_time": "2020-07-20T18:58:21.389Z", "user": 1, "content_type": 4, "object_id": "16", "object_repr": "charl", "action_flag": 3, "change_message": ""}}, {"model": "admin.logentry", "pk": 111, "fields": {"action_time": "2020-07-20T18:58:21.432Z", "user": 1, "content_type": 4, "object_id": "19", "object_repr": "kalibe", "action_flag": 3, "change_message": ""}}, {"model": "admin.logentry", "pk": 112, "fields": {"action_time": "2020-07-20T18:58:21.472Z", "user": 1, "content_type": 4, "object_id": "23", "object_repr": "kalibe10", "action_flag": 3, "change_message": ""}}, {"model": "admin.logentry", "pk": 113, "fields": {"action_time": "2020-07-20T18:58:21.513Z", "user": 1, "content_type": 4, "object_id": "22", "object_repr": "kalibe100", "action_flag": 3, "change_message": ""}}, {"model": "admin.logentry", "pk": 114, "fields": {"action_time": "2020-07-20T18:58:21.556Z", "user": 1, "content_type": 4, "object_id": "24", "object_repr": "kalibe17", "action_flag": 3, "change_message": ""}}, {"model": "admin.logentry", "pk": 115, "fields": {"action_time": "2020-07-20T18:58:21.599Z", "user": 1, "content_type": 4, "object_id": "20", "object_repr": "kalibe25", "action_flag": 3, "change_message": ""}}, {"model": "admin.logentry", "pk": 116, "fields": {"action_time": "2020-07-20T18:58:21.641Z", "user": 1, "content_type": 4, "object_id": "21", "object_repr": "kalibe89", "action_flag": 3, "change_message": ""}}, {"model": "admin.logentry", "pk": 117, "fields": {"action_time": "2020-07-20T18:58:21.682Z", "user": 1, "content_type": 4, "object_id": "14", "object_repr": "kevin", "action_flag": 3, "change_message": ""}}, {"model": "admin.logentry", "pk": 118, "fields": {"action_time": "2020-07-20T18:58:21.726Z", "user": 1, "content_type": 4, "object_id": "18", "object_repr": "lewis", "action_flag": 3, "change_message": ""}}, {"model": "admin.logentry", "pk": 119, "fields": {"action_time": "2020-07-20T18:58:21.766Z", "user": 1, "content_type": 4, "object_id": "15", "object_repr": "merlin", "action_flag": 3, "change_message": ""}}, {"model": "admin.logentry", "pk": 120, "fields": {"action_time": "2020-07-20T18:58:21.808Z", "user": 1, "content_type": 4, "object_id": "17", "object_repr": "polp", "action_flag": 3, "change_message": ""}}, {"model": "admin.logentry", "pk": 121, "fields": {"action_time": "2020-07-20T18:58:21.852Z", "user": 1, "content_type": 4, "object_id": "13", "object_repr": "solal", "action_flag": 3, "change_message": ""}}, {"model": "admin.logentry", "pk": 122, "fields": {"action_time": "2020-07-20T22:29:57.135Z", "user": 1, "content_type": 11, "object_id": "21", "object_repr": "Profil de <p>medard</p>", "action_flag": 3, "change_message": ""}}, {"model": "admin.logentry", "pk": 123, "fields": {"action_time": "2020-07-20T22:44:14.769Z", "user": 1, "content_type": 12, "object_id": "1", "object_repr": "seria : contact 1", "action_flag": 3, "change_message": ""}}, {"model": "admin.logentry", "pk": 124, "fields": {"action_time": "2020-07-24T13:49:03.923Z", "user": 1, "content_type": 11, "object_id": "22", "object_repr": "Profil de planet", "action_flag": 3, "change_message": ""}}, {"model": "admin.logentry", "pk": 125, "fields": {"action_time": "2020-07-24T14:00:53.045Z", "user": 1, "content_type": 4, "object_id": "28", "object_repr": "<p>medard</p>", "action_flag": 3, "change_message": ""}}, {"model": "admin.logentry", "pk": 126, "fields": {"action_time": "2020-07-24T14:00:53.153Z", "user": 1, "content_type": 4, "object_id": "29", "object_repr": "planet", "action_flag": 3, "change_message": ""}}, {"model": "admin.logentry", "pk": 127, "fields": {"action_time": "2020-07-25T20:59:23.465Z", "user": 1, "content_type": 13, "object_id": "1", "object_repr": "Iphone X", "action_flag": 1, "change_message": "[{\"added\": {}}]"}}, {"model": "admin.logentry", "pk": 128, "fields": {"action_time": "2020-07-25T21:28:52.887Z", "user": 1, "content_type": 13, "object_id": "1", "object_repr": "Iphone X_1-Tablette-Samsung-Galaxy-Tab-S5e-10-5-128-Go-4G-Noir.jpg", "action_flag": 3, "change_message": ""}}, {"model": "admin.logentry", "pk": 129, "fields": {"action_time": "2020-07-25T21:30:48.446Z", "user": 1, "content_type": 13, "object_id": "2", "object_repr": "iphone 11_2-apple_iphone-11-64gb-black_8303479_1.jpg", "action_flag": 1, "change_message": "[{\"added\": {}}]"}}, {"model": "admin.logentry", "pk": 130, "fields": {"action_time": "2020-07-25T21:31:07.348Z", "user": 1, "content_type": 13, "object_id": "3", "object_repr": "iphone 11_3-test-iphone-11-pro-performances-665x575.jpg", "action_flag": 1, "change_message": "[{\"added\": {}}]"}}, {"model": "admin.logentry", "pk": 131, "fields": {"action_time": "2020-07-25T21:31:45.006Z", "user": 1, "content_type": 8, "object_id": "23", "object_repr": "iPhone 11 Pro Max 256", "action_flag": 2, "change_message": "[{\"changed\": {\"fields\": [\"media\"]}}]"}}, {"model": "admin.logentry", "pk": 132, "fields": {"action_time": "2020-07-25T21:48:40.793Z", "user": 1, "content_type": 8, "object_id": "23", "object_repr": "iPhone 11 Pro Max 256", "action_flag": 2, "change_message": "[]"}}, {"model": "admin.logentry", "pk": 133, "fields": {"action_time": "2020-07-25T21:54:09.716Z", "user": 1, "content_type": 13, "object_id": "4", "object_repr": "iphone 11_4-750x750.51003315_2.jpg", "action_flag": 1, "change_message": "[{\"added\": {}}]"}}, {"model": "admin.logentry", "pk": 134, "fields": {"action_time": "2020-07-25T21:55:02.731Z", "user": 1, "content_type": 13, "object_id": "5", "object_repr": "iphone 11_5-750x750.51003315_4.jpg", "action_flag": 1, "change_message": "[{\"added\": {}}]"}}, {"model": "admin.logentry", "pk": 135, "fields": {"action_time": "2020-07-25T21:55:15.448Z", "user": 1, "content_type": 8, "object_id": "35", "object_repr": "iPhone 11 Noir - 128 Go", "action_flag": 1, "change_message": "[{\"added\": {}}]"}}, {"model": "admin.logentry", "pk": 136, "fields": {"action_time": "2020-07-25T22:01:41.105Z", "user": 1, "content_type": 13, "object_id": "6", "object_repr": "iphone 11_6-7798353756_l-iphone-11-pro-est-disponible-a-partir-de-1159-euros.jpg", "action_flag": 1, "change_message": "[{\"added\": {}}]"}}, {"model": "admin.logentry", "pk": 137, "fields": {"action_time": "2020-07-25T22:01:53.228Z", "user": 1, "content_type": 8, "object_id": "35", "object_repr": "iPhone 11 Noir - 128 Go", "action_flag": 2, "change_message": "[{\"changed\": {\"fields\": [\"media\"]}}]"}}, {"model": "admin.logentry", "pk": 138, "fields": {"action_time": "2020-07-25T22:11:41.320Z", "user": 1, "content_type": 8, "object_id": "35", "object_repr": "iPhone 11 Noir - 128 Go", "action_flag": 2, "change_message": "[{\"changed\": {\"fields\": [\"media\"]}}]"}}, {"model": "admin.logentry", "pk": 139, "fields": {"action_time": "2020-07-25T22:18:54.636Z", "user": 1, "content_type": 13, "object_id": "7", "object_repr": "iPhone 11 Pro Max 256_7-mg-110ae1a4-d239-47f6-b243-w1000h578-sc.jpg", "action_flag": 1, "change_message": "[{\"added\": {}}]"}}, {"model": "admin.logentry", "pk": 140, "fields": {"action_time": "2020-07-25T22:19:12.849Z", "user": 1, "content_type": 13, "object_id": "8", "object_repr": "iPhone 11 Pro Max 256_8-59994714e61b6979cc5267c5a9507.jpg", "action_flag": 1, "change_message": "[{\"added\": {}}]"}}, {"model": "admin.logentry", "pk": 141, "fields": {"action_time": "2020-07-25T22:19:18.686Z", "user": 1, "content_type": 8, "object_id": "23", "object_repr": "iPhone 11 Pro Max 256", "action_flag": 2, "change_message": "[{\"changed\": {\"fields\": [\"media\"]}}]"}}, {"model": "admin.logentry", "pk": 142, "fields": {"action_time": "2020-07-25T22:21:33.246Z", "user": 1, "content_type": 13, "object_id": "9", "object_repr": "iPhone 11 Pro Max 256_9-https___s3-ap-northeast.jpg", "action_flag": 1, "change_message": "[{\"added\": {}}]"}}, {"model": "admin.logentry", "pk": 143, "fields": {"action_time": "2020-07-25T22:21:38.907Z", "user": 1, "content_type": 8, "object_id": "23", "object_repr": "iPhone 11 Pro Max 256", "action_flag": 2, "change_message": "[{\"changed\": {\"fields\": [\"media\"]}}]"}}, {"model": "admin.logentry", "pk": 144, "fields": {"action_time": "2020-07-25T22:27:02.439Z", "user": 1, "content_type": 13, "object_id": "10", "object_repr": "MacBookProTouchBar16_10-884795d1db8dae3aa27d784bd84b4.jpg", "action_flag": 1, "change_message": "[{\"added\": {}}]"}}, {"model": "admin.logentry", "pk": 145, "fields": {"action_time": "2020-07-25T22:27:43.958Z", "user": 1, "content_type": 13, "object_id": "11", "object_repr": "MacBookProTouchBar16_11-og__dzxv66kzhr0i.png", "action_flag": 1, "change_message": "[{\"added\": {}}]"}}, {"model": "admin.logentry", "pk": 146, "fields": {"action_time": "2020-07-25T22:28:22.370Z", "user": 1, "content_type": 13, "object_id": "12", "object_repr": "MacBook Pro Touch Bar 16_12-a20f18e2b0e3b48982af2b0968863.jpg", "action_flag": 1, "change_message": "[{\"added\": {}}]"}}, {"model": "admin.logentry", "pk": 147, "fields": {"action_time": "2020-07-25T22:28:27.704Z", "user": 1, "content_type": 8, "object_id": "22", "object_repr": "MacBook Pro Touch Bar 16", "action_flag": 2, "change_message": "[{\"changed\": {\"fields\": [\"media\"]}}]"}}, {"model": "admin.logentry", "pk": 148, "fields": {"action_time": "2020-07-27T12:15:01.390Z", "user": 1, "content_type": 10, "object_id": "1", "object_repr": "panier 0", "action_flag": 1, "change_message": "[{\"added\": {}}]"}}, {"model": "admin.logentry", "pk": 149, "fields": {"action_time": "2020-07-27T12:19:26.061Z", "user": 1, "content_type": 10, "object_id": "1", "object_repr": "panier 0", "action_flag": 2, "change_message": "[]"}}, {"model": "admin.logentry", "pk": 150, "fields": {"action_time": "2020-07-27T12:40:39.133Z", "user": 1, "content_type": 10, "object_id": "4", "object_repr": "", "action_flag": 3, "change_message": ""}}, {"model": "admin.logentry", "pk": 151, "fields": {"action_time": "2020-07-27T12:40:39.166Z", "user": 1, "content_type": 10, "object_id": "3", "object_repr": "", "action_flag": 3, "change_message": ""}}, {"model": "admin.logentry", "pk": 152, "fields": {"action_time": "2020-07-27T12:40:39.192Z", "user": 1, "content_type": 10, "object_id": "2", "object_repr": "", "action_flag": 3, "change_message": ""}}, {"model": "admin.logentry", "pk": 153, "fields": {"action_time": "2020-07-27T12:40:39.215Z", "user": 1, "content_type": 10, "object_id": "1", "object_repr": "panier 0", "action_flag": 3, "change_message": ""}}, {"model": "admin.logentry", "pk": 154, "fields": {"action_time": "2020-07-27T12:55:58.632Z", "user": 1, "content_type": 10, "object_id": "7", "object_repr": "Panier du 2020-07-27 12:45:43.314266 par asus", "action_flag": 3, "change_message": ""}}, {"model": "admin.logentry", "pk": 155, "fields": {"action_time": "2020-07-27T12:55:58.663Z", "user": 1, "content_type": 10, "object_id": "6", "object_repr": "Panier du 2020-07-27 12:45:26.568255 par asus", "action_flag": 3, "change_message": ""}}, {"model": "admin.logentry", "pk": 156, "fields": {"action_time": "2020-07-27T12:55:58.682Z", "user": 1, "content_type": 10, "object_id": "5", "object_repr": "Panier du 2020-07-27 12:40:56.472545", "action_flag": 3, "change_message": ""}}, {"model": "admin.logentry", "pk": 157, "fields": {"action_time": "2020-07-27T13:02:00.744Z", "user": 1, "content_type": 10, "object_id": "9", "object_repr": "Panier du 2020-07-27 13:00:52.983715 par asus", "action_flag": 3, "change_message": ""}}, {"model": "admin.logentry", "pk": 158, "fields": {"action_time": "2020-07-27T13:02:00.777Z", "user": 1, "content_type": 10, "object_id": "8", "object_repr": "", "action_flag": 3, "change_message": ""}}, {"model": "admin.logentry", "pk": 159, "fields": {"action_time": "2020-07-27T13:04:25.942Z", "user": 1, "content_type": 10, "object_id": "11", "object_repr": "Panier du 2020-07-27 13:02:05.075939 par asus", "action_flag": 3, "change_message": ""}}, {"model": "admin.logentry", "pk": 160, "fields": {"action_time": "2020-07-27T13:04:25.969Z", "user": 1, "content_type": 10, "object_id": "10", "object_repr": "", "action_flag": 3, "change_message": ""}}, {"model": "admin.logentry", "pk": 161, "fields": {"action_time": "2020-07-27T13:08:42.939Z", "user": 1, "content_type": 10, "object_id": "12", "object_repr": "", "action_flag": 3, "change_message": ""}}, {"model": "admin.logentry", "pk": 162, "fields": {"action_time": "2020-07-27T13:12:02.532Z", "user": 1, "content_type": 10, "object_id": "13", "object_repr": "Panier du 2020-07-27 13:08:51.526693 par asus", "action_flag": 3, "change_message": ""}}, {"model": "admin.logentry", "pk": 163, "fields": {"action_time": "2020-07-27T13:16:37.295Z", "user": 1, "content_type": 10, "object_id": "17", "object_repr": "Panier du 2020-07-27 13:16:11.476897 par asus", "action_flag": 3, "change_message": ""}}, {"model": "admin.logentry", "pk": 164, "fields": {"action_time": "2020-07-27T13:16:37.322Z", "user": 1, "content_type": 10, "object_id": "16", "object_repr": "Panier du 2020-07-27 13:16:03.608401 par asus", "action_flag": 3, "change_message": ""}}, {"model": "admin.logentry", "pk": 165, "fields": {"action_time": "2020-07-27T13:16:37.340Z", "user": 1, "content_type": 10, "object_id": "15", "object_repr": "Panier du 2020-07-27 13:15:55.834338 par asus", "action_flag": 3, "change_message": ""}}, {"model": "admin.logentry", "pk": 166, "fields": {"action_time": "2020-07-27T13:16:37.358Z", "user": 1, "content_type": 10, "object_id": "14", "object_repr": "Panier du 2020-07-27 13:12:05.539356 par asus", "action_flag": 3, "change_message": ""}}, {"model": "admin.logentry", "pk": 167, "fields": {"action_time": "2020-07-27T14:06:48.615Z", "user": 1, "content_type": 10, "object_id": "18", "object_repr": "Panier du 2020-07-27 13:38:12.712358 par asus", "action_flag": 3, "change_message": ""}}, {"model": "admin.logentry", "pk": 168, "fields": {"action_time": "2020-07-27T14:20:03.904Z", "user": 1, "content_type": 10, "object_id": "19", "object_repr": "Panier du 2020-07-27 14:17:26.683742 par asus", "action_flag": 3, "change_message": ""}}, {"model": "admin.logentry", "pk": 169, "fields": {"action_time": "2020-07-27T14:25:27.266Z", "user": 1, "content_type": 10, "object_id": "20", "object_repr": "Panier du 2020-07-27 14:20:18.062122 par asus", "action_flag": 3, "change_message": ""}}, {"model": "admin.logentry", "pk": 170, "fields": {"action_time": "2020-07-27T15:44:42.710Z", "user": 1, "content_type": 10, "object_id": "21", "object_repr": "Panier du 2020-07-27 14:26:01.708698 par asus", "action_flag": 3, "change_message": ""}}, {"model": "admin.logentry", "pk": 171, "fields": {"action_time": "2020-07-27T15:58:45.645Z", "user": 1, "content_type": 10, "object_id": "22", "object_repr": "Panier du 2020-07-27 15:44:53.255272 par asus", "action_flag": 3, "change_message": ""}}, {"model": "admin.logentry", "pk": 172, "fields": {"action_time": "2020-07-27T16:23:51.493Z", "user": 1, "content_type": 10, "object_id": "23", "object_repr": "Panier du 2020-07-27 15:58:49.618924 par asus", "action_flag": 3, "change_message": ""}}, {"model": "admin.logentry", "pk": 173, "fields": {"action_time": "2020-07-27T17:07:07.832Z", "user": 1, "content_type": 10, "object_id": "24", "object_repr": "Panier du 2020-07-27 16:24:07.064000 par asus", "action_flag": 3, "change_message": ""}}, {"model": "admin.logentry", "pk": 174, "fields": {"action_time": "2020-07-27T17:22:28.063Z", "user": 1, "content_type": 10, "object_id": "25", "object_repr": "Panier du 2020-07-27 17:14:46.550756 par asus", "action_flag": 3, "change_message": ""}}, {"model": "admin.logentry", "pk": 175, "fields": {"action_time": "2020-07-27T21:48:23.693Z", "user": 1, "content_type": 10, "object_id": "26", "object_repr": "Panier du 2020-07-27 17:22:31.655845 par asus", "action_flag": 2, "change_message": "[{\"changed\": {\"fields\": [\"traite\"]}}]"}}, {"model": "admin.logentry", "pk": 176, "fields": {"action_time": "2020-07-27T21:57:39.434Z", "user": 1, "content_type": 10, "object_id": "26", "object_repr": "Panier du 2020-07-27 17:22:31.655845 par asus", "action_flag": 2, "change_message": "[]"}}, {"model": "admin.logentry", "pk": 177, "fields": {"action_time": "2020-07-27T21:59:45.459Z", "user": 1, "content_type": 10, "object_id": "26", "object_repr": "Panier du 2020-07-27 17:22:31.655845 par asus", "action_flag": 2, "change_message": "[{\"changed\": {\"fields\": [\"traite\"]}}]"}}, {"model": "admin.logentry", "pk": 178, "fields": {"action_time": "2020-07-27T22:11:03.650Z", "user": 1, "content_type": 10, "object_id": "26", "object_repr": "Panier du 2020-07-27 17:22:31.655845 par asus", "action_flag": 3, "change_message": ""}}, {"model": "admin.logentry", "pk": 179, "fields": {"action_time": "2020-07-27T22:11:45.733Z", "user": 1, "content_type": 10, "object_id": "28", "object_repr": "Panier du 2020-07-27 21:52:42.134119 par asus", "action_flag": 2, "change_message": "[{\"changed\": {\"fields\": [\"traite\"]}}]"}}, {"model": "admin.logentry", "pk": 180, "fields": {"action_time": "2020-07-27T22:16:33.293Z", "user": 1, "content_type": 10, "object_id": "28", "object_repr": "Panier du 2020-07-27 21:52:42.134119 par asus", "action_flag": 2, "change_message": "[{\"changed\": {\"fields\": [\"traite\"]}}]"}}, {"model": "admin.logentry", "pk": 181, "fields": {"action_time": "2020-07-27T22:16:52.087Z", "user": 1, "content_type": 10, "object_id": "29", "object_repr": "Panier du 2020-07-27 22:16:04.088505 par asus", "action_flag": 2, "change_message": "[{\"changed\": {\"fields\": [\"traite\"]}}]"}}, {"model": "admin.logentry", "pk": 182, "fields": {"action_time": "2020-07-27T22:17:27.104Z", "user": 1, "content_type": 10, "object_id": "28", "object_repr": "Panier du 2020-07-27 21:52:42.134119 par asus", "action_flag": 2, "change_message": "[{\"changed\": {\"fields\": [\"traite\"]}}]"}}, {"model": "admin.logentry", "pk": 183, "fields": {"action_time": "2020-07-28T00:42:34.864Z", "user": 1, "content_type": 10, "object_id": "27", "object_repr": "Panier du 2020-07-27 21:33:43.241809 par medard", "action_flag": 2, "change_message": "[{\"changed\": {\"fields\": [\"traite\"]}}]"}}, {"model": "admin.logentry", "pk": 184, "fields": {"action_time": "2020-07-28T00:57:39.581Z", "user": 1, "content_type": 10, "object_id": "29", "object_repr": "Panier du 2020-07-27 22:16:04.088505 par asus", "action_flag": 2, "change_message": "[{\"changed\": {\"fields\": [\"traite\"]}}]"}}, {"model": "admin.logentry", "pk": 185, "fields": {"action_time": "2020-07-28T00:58:17.130Z", "user": 1, "content_type": 10, "object_id": "29", "object_repr": "Panier du 2020-07-27 22:16:04.088505 par asus", "action_flag": 2, "change_message": "[{\"changed\": {\"fields\": [\"traite\"]}}]"}}, {"model": "admin.logentry", "pk": 186, "fields": {"action_time": "2020-07-28T03:46:59.850Z", "user": 1, "content_type": 13, "object_id": "13", "object_repr": "Watch Series 3 Gris sid\u00e9ral_13-Test-de-l-Apple.jpg", "action_flag": 1, "change_message": "[{\"added\": {}}]"}}, {"model": "admin.logentry", "pk": 187, "fields": {"action_time": "2020-07-28T03:48:35.941Z", "user": 1, "content_type": 13, "object_id": "14", "object_repr": "Apple Watch Series 3_14-watchos6-series4-audiobooks-podcasts-music-hero.jpg", "action_flag": 1, "change_message": "[{\"added\": {}}]"}}, {"model": "admin.logentry", "pk": 188, "fields": {"action_time": "2020-07-28T03:48:56.735Z", "user": 1, "content_type": 13, "object_id": "15", "object_repr": "Apple Watch Series 3_15-apple-watch-series-5-hero_6259730.jpg", "action_flag": 1, "change_message": "[{\"added\": {}}]"}}, {"model": "admin.logentry", "pk": 189, "fields": {"action_time": "2020-07-28T03:50:03.358Z", "user": 1, "content_type": 8, "object_id": "24", "object_repr": "Apple Watch Series 3", "action_flag": 2, "change_message": "[{\"changed\": {\"fields\": [\"media\"]}}]"}}, {"model": "admin.logentry", "pk": 190, "fields": {"action_time": "2020-07-28T03:55:00.000Z", "user": 1, "content_type": 13, "object_id": "16", "object_repr": "Garmin Vivoactive 3_16-images.jfif", "action_flag": 1, "change_message": "[{\"added\": {}}]"}}, {"model": "admin.logentry", "pk": 191, "fields": {"action_time": "2020-07-28T03:55:21.122Z", "user": 1, "content_type": 13, "object_id": "17", "object_repr": "Garmin Vivoactive 3_17-garmin-vivoactive-3-4.jpg", "action_flag": 1, "change_message": "[{\"added\": {}}]"}}, {"model": "admin.logentry", "pk": 192, "fields": {"action_time": "2020-07-28T03:55:51.629Z", "user": 1, "content_type": 13, "object_id": "18", "object_repr": "Garmin Vivoactive 3_18-DSC01009.jpg", "action_flag": 1, "change_message": "[{\"added\": {}}]"}}, {"model": "admin.logentry", "pk": 193, "fields": {"action_time": "2020-07-28T03:55:56.691Z", "user": 1, "content_type": 8, "object_id": "25", "object_repr": "Garmin Vivoactive 3", "action_flag": 2, "change_message": "[{\"changed\": {\"fields\": [\"media\"]}}]"}}, {"model": "admin.logentry", "pk": 194, "fields": {"action_time": "2020-07-28T03:58:34.338Z", "user": 1, "content_type": 8, "object_id": "26", "object_repr": "Watch Series 3 Gris sid\u00e9ral", "action_flag": 2, "change_message": "[{\"changed\": {\"fields\": [\"media\"]}}]"}}, {"model": "admin.logentry", "pk": 195, "fields": {"action_time": "2020-07-28T04:03:33.807Z", "user": 1, "content_type": 8, "object_id": "8", "object_repr": "Macbook Air 13.3", "action_flag": 2, "change_message": "[{\"changed\": {\"fields\": [\"media\"]}}]"}}, {"model": "admin.logentry", "pk": 196, "fields": {"action_time": "2020-07-28T04:13:31.142Z", "user": 1, "content_type": 13, "object_id": "19", "object_repr": "Toshiba_19-41KNNu0PoJL._AC_.jpg", "action_flag": 1, "change_message": "[{\"added\": {}}]"}}, {"model": "admin.logentry", "pk": 197, "fields": {"action_time": "2020-07-28T04:13:36.516Z", "user": 1, "content_type": 8, "object_id": "36", "object_repr": "Toshiba Dynabook X30", "action_flag": 1, "change_message": "[{\"added\": {}}]"}}, {"model": "admin.logentry", "pk": 198, "fields": {"action_time": "2020-07-28T04:14:28.967Z", "user": 1, "content_type": 8, "object_id": "36", "object_repr": "Toshiba Dynabook X30", "action_flag": 2, "change_message": "[{\"changed\": {\"fields\": [\"premier_prix\"]}}]"}}, {"model": "admin.logentry", "pk": 199, "fields": {"action_time": "2020-07-28T04:18:28.009Z", "user": 1, "content_type": 9, "object_id": "5", "object_repr": "Console", "action_flag": 1, "change_message": "[{\"added\": {}}]"}}, {"model": "admin.logentry", "pk": 200, "fields": {"action_time": "2020-07-28T04:19:29.823Z", "user": 1, "content_type": 13, "object_id": "20", "object_repr": "ps4_20-Console-Sony-PS4-Pro-1-To-Blanc.jpg", "action_flag": 1, "change_message": "[{\"added\": {}}]"}}, {"model": "admin.logentry", "pk": 201, "fields": {"action_time": "2020-07-28T04:20:31.597Z", "user": 1, "content_type": 13, "object_id": "21", "object_repr": "ps4_21-Red-Dead-Redemption-2-PS4.jpg", "action_flag": 1, "change_message": "[{\"added\": {}}]"}}, {"model": "admin.logentry", "pk": 202, "fields": {"action_time": "2020-07-28T04:20:59.220Z", "user": 1, "content_type": 8, "object_id": "37", "object_repr": "PS4 Pro 1 To Noire", "action_flag": 1, "change_message": "[{\"added\": {}}]"}}, {"model": "admin.logentry", "pk": 203, "fields": {"action_time": "2020-07-28T04:21:17.632Z", "user": 1, "content_type": 8, "object_id": "37", "object_repr": "PS4 Pro 1 To Noire", "action_flag": 2, "change_message": "[{\"changed\": {\"fields\": [\"image\"]}}]"}}, {"model": "admin.logentry", "pk": 204, "fields": {"action_time": "2020-07-28T04:22:18.229Z", "user": 1, "content_type": 8, "object_id": "37", "object_repr": "PS4 Pro 1 To Noire", "action_flag": 2, "change_message": "[{\"changed\": {\"fields\": [\"image\"]}}]"}}, {"model": "admin.logentry", "pk": 205, "fields": {"action_time": "2020-07-28T04:24:03.667Z", "user": 1, "content_type": 8, "object_id": "35", "object_repr": "iPhone 11 Noir - 128 Go", "action_flag": 2, "change_message": "[{\"changed\": {\"fields\": [\"description\"]}}]"}}, {"model": "admin.logentry", "pk": 206, "fields": {"action_time": "2020-07-28T04:34:38.512Z", "user": 1, "content_type": 8, "object_id": "38", "object_repr": "Asus TUF505D AMD Ryzen", "action_flag": 1, "change_message": "[{\"added\": {}}]"}}, {"model": "admin.logentry", "pk": 207, "fields": {"action_time": "2020-07-28T04:36:59.008Z", "user": 1, "content_type": 10, "object_id": "30", "object_repr": "Panier du 2020-07-28 04:04:44.454414 par asus", "action_flag": 3, "change_message": ""}}, {"model": "admin.logentry", "pk": 208, "fields": {"action_time": "2020-07-28T04:36:59.068Z", "user": 1, "content_type": 10, "object_id": "29", "object_repr": "Panier du 2020-07-27 22:16:04.088505 par asus", "action_flag": 3, "change_message": ""}}, {"model": "admin.logentry", "pk": 209, "fields": {"action_time": "2020-07-28T04:36:59.127Z", "user": 1, "content_type": 10, "object_id": "28", "object_repr": "Panier du 2020-07-27 21:52:42.134119 par asus", "action_flag": 3, "change_message": ""}}, {"model": "admin.logentry", "pk": 210, "fields": {"action_time": "2020-07-28T04:36:59.162Z", "user": 1, "content_type": 10, "object_id": "27", "object_repr": "Panier du 2020-07-27 21:33:43.241809 par medard", "action_flag": 3, "change_message": ""}}, {"model": "admin.logentry", "pk": 211, "fields": {"action_time": "2020-07-28T15:27:07.881Z", "user": 1, "content_type": 14, "object_id": "2", "object_repr": "Tout est Ok, c'...", "action_flag": 3, "change_message": ""}}, {"model": "admin.logentry", "pk": 212, "fields": {"action_time": "2020-07-28T15:27:07.915Z", "user": 1, "content_type": 14, "object_id": "1", "object_repr": "Le systeme de p...", "action_flag": 3, "change_message": ""}}, {"model": "admin.logentry", "pk": 213, "fields": {"action_time": "2020-07-28T17:54:23.273Z", "user": 1, "content_type": 10, "object_id": "31", "object_repr": "Panier du 2020-07-28 15:23:35.819091 par asus", "action_flag": 3, "change_message": ""}}, {"model": "admin.logentry", "pk": 214, "fields": {"action_time": "2020-07-28T18:04:59.962Z", "user": 1, "content_type": 13, "object_id": "22", "object_repr": "Apple_22-apple-ipad-pro-2020-frandroid-dsc00585-scaled.jpg", "action_flag": 1, "change_message": "[{\"added\": {}}]"}}, {"model": "admin.logentry", "pk": 215, "fields": {"action_time": "2020-07-28T18:05:03.257Z", "user": 1, "content_type": 8, "object_id": "39", "object_repr": "Nouvel iPad Pro 11", "action_flag": 1, "change_message": "[{\"added\": {}}]"}}, {"model": "admin.logentry", "pk": 216, "fields": {"action_time": "2020-07-28T22:44:26.598Z", "user": 1, "content_type": 10, "object_id": "32", "object_repr": "Panier du 2020-07-28 22:21:01.851066 par asus", "action_flag": 3, "change_message": ""}}, {"model": "admin.logentry", "pk": 217, "fields": {"action_time": "2020-07-29T01:14:40.029Z", "user": 1, "content_type": 15, "object_id": "5", "object_repr": "je reviens enco... de la part de Seria", "action_flag": 3, "change_message": ""}}, {"model": "admin.logentry", "pk": 218, "fields": {"action_time": "2020-07-29T01:14:40.056Z", "user": 1, "content_type": 15, "object_id": "4", "object_repr": "je reviens enco... de la part de Seria", "action_flag": 3, "change_message": ""}}, {"model": "admin.logentry", "pk": 219, "fields": {"action_time": "2020-07-29T01:14:40.077Z", "user": 1, "content_type": 15, "object_id": "3", "object_repr": "je reviens enco... de la part de Seria", "action_flag": 3, "change_message": ""}}, {"model": "admin.logentry", "pk": 220, "fields": {"action_time": "2020-07-29T01:14:40.096Z", "user": 1, "content_type": 15, "object_id": "2", "object_repr": "je reviens enco... de la part de Seria", "action_flag": 3, "change_message": ""}}, {"model": "admin.logentry", "pk": 221, "fields": {"action_time": "2020-07-29T01:14:40.116Z", "user": 1, "content_type": 15, "object_id": "1", "object_repr": "Je voudrais bie... de la part de Seria", "action_flag": 3, "change_message": ""}}, {"model": "admin.logentry", "pk": 222, "fields": {"action_time": "2020-07-29T02:00:30.169Z", "user": 1, "content_type": 16, "object_id": "3", "object_repr": "Panier N\u00b0 3", "action_flag": 3, "change_message": ""}}, {"model": "admin.logentry", "pk": 223, "fields": {"action_time": "2020-07-29T02:00:30.261Z", "user": 1, "content_type": 16, "object_id": "2", "object_repr": "Panier N\u00b0 2", "action_flag": 3, "change_message": ""}}, {"model": "admin.logentry", "pk": 224, "fields": {"action_time": "2020-07-29T02:00:30.307Z", "user": 1, "content_type": 16, "object_id": "1", "object_repr": "Panier N\u00b0 1", "action_flag": 3, "change_message": ""}}, {"model": "admin.logentry", "pk": 225, "fields": {"action_time": "2020-07-29T02:50:20.619Z", "user": 1, "content_type": 10, "object_id": "33", "object_repr": "Panier du 2020-07-28 22:46:31.643977 par asus", "action_flag": 3, "change_message": ""}}, {"model": "admin.logentry", "pk": 226, "fields": {"action_time": "2020-07-29T13:16:26.810Z", "user": 1, "content_type": 10, "object_id": "36", "object_repr": "Panier du 2020-07-29 02:08:15.226977 par medard", "action_flag": 3, "change_message": ""}}, {"model": "admin.logentry", "pk": 227, "fields": {"action_time": "2020-07-29T13:16:26.879Z", "user": 1, "content_type": 10, "object_id": "35", "object_repr": "Panier du 2020-07-29 01:57:19.597106 par medard", "action_flag": 3, "change_message": ""}}, {"model": "admin.logentry", "pk": 228, "fields": {"action_time": "2020-07-29T13:16:26.946Z", "user": 1, "content_type": 10, "object_id": "34", "object_repr": "Panier du 2020-07-29 01:47:06.068692 par medard", "action_flag": 3, "change_message": ""}}, {"model": "admin.logentry", "pk": 229, "fields": {"action_time": "2020-07-29T13:16:51.972Z", "user": 1, "content_type": 16, "object_id": "4", "object_repr": "Commande N\u00b0 4", "action_flag": 3, "change_message": ""}}, {"model": "admin.logentry", "pk": 230, "fields": {"action_time": "2020-07-29T13:26:37.682Z", "user": 1, "content_type": 10, "object_id": "37", "object_repr": "Panier du 2020-07-29 13:17:42.533175 par asus", "action_flag": 3, "change_message": ""}}, {"model": "admin.logentry", "pk": 231, "fields": {"action_time": "2020-07-29T13:42:41.386Z", "user": 1, "content_type": 10, "object_id": "38", "object_repr": "Panier du 2020-07-29 13:26:48.924818 par asus", "action_flag": 3, "change_message": ""}}, {"model": "admin.logentry", "pk": 232, "fields": {"action_time": "2020-07-29T13:58:27.423Z", "user": 1, "content_type": 10, "object_id": "39", "object_repr": "Panier du 2020-07-29 13:42:53.417721 par asus", "action_flag": 3, "change_message": ""}}, {"model": "admin.logentry", "pk": 233, "fields": {"action_time": "2020-07-29T14:34:25.652Z", "user": 1, "content_type": 17, "object_id": "2", "object_repr": "Soma Electronic", "action_flag": 1, "change_message": "[{\"added\": {}}]"}}, {"model": "admin.logentry", "pk": 234, "fields": {"action_time": "2020-07-29T14:36:52.174Z", "user": 1, "content_type": 17, "object_id": "2", "object_repr": "Soma Electronic", "action_flag": 2, "change_message": "[{\"changed\": {\"fields\": [\"env_name\", \"css_header_background_color\"]}}]"}}, {"model": "admin.logentry", "pk": 235, "fields": {"action_time": "2020-07-29T14:37:41.754Z", "user": 1, "content_type": 17, "object_id": "2", "object_repr": "Soma Electronic", "action_flag": 2, "change_message": "[{\"changed\": {\"fields\": [\"css_header_background_color\"]}}]"}}, {"model": "admin.logentry", "pk": 236, "fields": {"action_time": "2020-07-29T14:38:08.975Z", "user": 1, "content_type": 17, "object_id": "2", "object_repr": "Soma Electronic", "action_flag": 2, "change_message": "[{\"changed\": {\"fields\": [\"css_header_background_color\"]}}]"}}, {"model": "admin.logentry", "pk": 237, "fields": {"action_time": "2020-07-29T14:38:44.046Z", "user": 1, "content_type": 17, "object_id": "2", "object_repr": "Soma Electronic", "action_flag": 2, "change_message": "[{\"changed\": {\"fields\": [\"css_header_text_color\"]}}]"}}, {"model": "admin.logentry", "pk": 238, "fields": {"action_time": "2020-07-29T14:39:04.238Z", "user": 1, "content_type": 17, "object_id": "2", "object_repr": "Soma Electronic", "action_flag": 2, "change_message": "[]"}}, {"model": "admin.logentry", "pk": 239, "fields": {"action_time": "2020-07-29T14:44:55.288Z", "user": 1, "content_type": 17, "object_id": "2", "object_repr": "Soma Electronic", "action_flag": 2, "change_message": "[{\"changed\": {\"fields\": [\"title_color\"]}}]"}}, {"model": "admin.logentry", "pk": 240, "fields": {"action_time": "2020-07-29T23:23:24.241Z", "user": 1, "content_type": 17, "object_id": "3", "object_repr": "Bootstrap", "action_flag": 2, "change_message": "[{\"changed\": {\"fields\": [\"logo\", \"favicon\"]}}]"}}, {"model": "admin.logentry", "pk": 241, "fields": {"action_time": "2020-07-29T23:24:26.055Z", "user": 1, "content_type": 17, "object_id": "3", "object_repr": "Bootstrap", "action_flag": 2, "change_message": "[{\"changed\": {\"fields\": [\"title\"]}}]"}}, {"model": "admin.logentry", "pk": 242, "fields": {"action_time": "2020-07-29T23:28:02.756Z", "user": 1, "content_type": 17, "object_id": "5", "object_repr": "Foundation", "action_flag": 2, "change_message": "[{\"changed\": {\"fields\": [\"active\"]}}]"}}, {"model": "admin.logentry", "pk": 243, "fields": {"action_time": "2020-07-29T23:28:02.851Z", "user": 1, "content_type": 17, "object_id": "4", "object_repr": "USWDS", "action_flag": 2, "change_message": "[{\"changed\": {\"fields\": [\"active\"]}}]"}}, {"model": "admin.logentry", "pk": 244, "fields": {"action_time": "2020-07-29T23:28:10.245Z", "user": 1, "content_type": 17, "object_id": "5", "object_repr": "Foundation", "action_flag": 2, "change_message": "[{\"changed\": {\"fields\": [\"active\"]}}]"}}, {"model": "admin.logentry", "pk": 245, "fields": {"action_time": "2020-07-29T23:28:10.317Z", "user": 1, "content_type": 17, "object_id": "4", "object_repr": "USWDS", "action_flag": 2, "change_message": "[{\"changed\": {\"fields\": [\"active\"]}}]"}}, {"model": "admin.logentry", "pk": 246, "fields": {"action_time": "2020-07-29T23:28:16.923Z", "user": 1, "content_type": 17, "object_id": "5", "object_repr": "Foundation", "action_flag": 2, "change_message": "[{\"changed\": {\"fields\": [\"active\"]}}]"}}, {"model": "admin.logentry", "pk": 247, "fields": {"action_time": "2020-07-29T23:28:17.013Z", "user": 1, "content_type": 17, "object_id": "4", "object_repr": "USWDS", "action_flag": 2, "change_message": "[{\"changed\": {\"fields\": [\"active\"]}}]"}}, {"model": "admin.logentry", "pk": 248, "fields": {"action_time": "2020-07-29T23:29:20.841Z", "user": 1, "content_type": 17, "object_id": "4", "object_repr": "USWDS", "action_flag": 2, "change_message": "[{\"changed\": {\"fields\": [\"logo\", \"favicon\", \"title\", \"list_filter_dropdown\"]}}]"}}, {"model": "admin.logentry", "pk": 249, "fields": {"action_time": "2020-07-29T23:30:11.977Z", "user": 1, "content_type": 17, "object_id": "5", "object_repr": "Foundation", "action_flag": 2, "change_message": "[{\"changed\": {\"fields\": [\"active\"]}}]"}}, {"model": "admin.logentry", "pk": 250, "fields": {"action_time": "2020-07-29T23:30:29.801Z", "user": 1, "content_type": 17, "object_id": "5", "object_repr": "Foundation", "action_flag": 2, "change_message": "[{\"changed\": {\"fields\": [\"logo\", \"favicon\"]}}]"}}, {"model": "admin.logentry", "pk": 251, "fields": {"action_time": "2020-07-29T23:31:03.664Z", "user": 1, "content_type": 17, "object_id": "5", "object_repr": "Foundation", "action_flag": 2, "change_message": "[{\"changed\": {\"fields\": [\"title\", \"title_visible\", \"list_filter_dropdown\"]}}]"}}, {"model": "admin.logentry", "pk": 252, "fields": {"action_time": "2020-07-30T16:20:07.406Z", "user": 1, "content_type": 10, "object_id": "41", "object_repr": "Panier du 2020-07-29 14:52:23.463060 par asus", "action_flag": 3, "change_message": ""}}, {"model": "admin.logentry", "pk": 253, "fields": {"action_time": "2020-07-30T16:20:07.424Z", "user": 1, "content_type": 10, "object_id": "40", "object_repr": "Panier du 2020-07-29 14:00:38.718815 par medard", "action_flag": 3, "change_message": ""}}, {"model": "admin.logentry", "pk": 254, "fields": {"action_time": "2020-07-30T16:22:17.737Z", "user": 1, "content_type": 10, "object_id": "42", "object_repr": "Panier du 2020-07-30 16:20:19.855988 par asus", "action_flag": 3, "change_message": ""}}, {"model": "admin.logentry", "pk": 255, "fields": {"action_time": "2020-07-30T16:23:47.059Z", "user": 1, "content_type": 10, "object_id": "43", "object_repr": "Panier du 2020-07-30 16:22:29.488925 par asus", "action_flag": 3, "change_message": ""}}, {"model": "admin.logentry", "pk": 256, "fields": {"action_time": "2020-07-30T20:17:14.556Z", "user": 1, "content_type": 10, "object_id": "44", "object_repr": "Panier du 2020-07-30 16:27:17.750722 par asus", "action_flag": 3, "change_message": ""}}, {"model": "admin.logentry", "pk": 257, "fields": {"action_time": "2020-07-30T21:05:02.519Z", "user": 1, "content_type": 10, "object_id": "45", "object_repr": "Panier du 2020-07-30 21:02:01.712949 par asus", "action_flag": 3, "change_message": ""}}, {"model": "admin.logentry", "pk": 258, "fields": {"action_time": "2020-08-04T09:08:50.069Z", "user": 1, "content_type": 10, "object_id": "46", "object_repr": "Panier du 2020-07-30 22:50:55.346645 par asus", "action_flag": 3, "change_message": ""}}, {"model": "admin.logentry", "pk": 259, "fields": {"action_time": "2020-08-04T10:34:19.926Z", "user": 1, "content_type": 10, "object_id": "47", "object_repr": "", "action_flag": 3, "change_message": ""}}, {"model": "admin.logentry", "pk": 260, "fields": {"action_time": "2020-08-04T10:57:09.357Z", "user": 1, "content_type": 10, "object_id": "48", "object_repr": "Panier du 2020-08-04 10:35:23.905744 par asus", "action_flag": 3, "change_message": ""}}, {"model": "admin.logentry", "pk": 261, "fields": {"action_time": "2020-08-04T11:01:58.881Z", "user": 1, "content_type": 10, "object_id": "49", "object_repr": "Panier du 2020-08-04 10:57:23.244514 par asus", "action_flag": 3, "change_message": ""}}, {"model": "admin.logentry", "pk": 262, "fields": {"action_time": "2020-08-04T11:06:59.708Z", "user": 1, "content_type": 10, "object_id": "50", "object_repr": "Panier du 2020-08-04 11:02:05.996294 par asus", "action_flag": 3, "change_message": ""}}, {"model": "admin.logentry", "pk": 263, "fields": {"action_time": "2020-08-04T11:10:20.413Z", "user": 1, "content_type": 10, "object_id": "51", "object_repr": "Panier du 2020-08-04 11:07:15.684015 par asus", "action_flag": 3, "change_message": ""}}, {"model": "admin.logentry", "pk": 264, "fields": {"action_time": "2020-08-04T11:15:25.030Z", "user": 1, "content_type": 18, "object_id": "6", "object_repr": "HP OMEN 15", "action_flag": 3, "change_message": ""}}, {"model": "admin.logentry", "pk": 265, "fields": {"action_time": "2020-08-04T11:15:25.137Z", "user": 1, "content_type": 18, "object_id": "5", "object_repr": "Apple Watc", "action_flag": 3, "change_message": ""}}, {"model": "admin.logentry", "pk": 266, "fields": {"action_time": "2020-08-04T11:15:25.194Z", "user": 1, "content_type": 18, "object_id": "4", "object_repr": "iPhone 11 ", "action_flag": 3, "change_message": ""}}, {"model": "admin.logentry", "pk": 267, "fields": {"action_time": "2020-08-04T11:15:25.244Z", "user": 1, "content_type": 18, "object_id": "3", "object_repr": "iPhone 11 ", "action_flag": 3, "change_message": ""}}, {"model": "admin.logentry", "pk": 268, "fields": {"action_time": "2020-08-04T11:15:25.294Z", "user": 1, "content_type": 18, "object_id": "2", "object_repr": "PS4 Pro 1 ", "action_flag": 3, "change_message": ""}}, {"model": "admin.logentry", "pk": 269, "fields": {"action_time": "2020-08-04T11:15:25.338Z", "user": 1, "content_type": 18, "object_id": "1", "object_repr": "Nouvel iPa", "action_flag": 3, "change_message": ""}}, {"model": "admin.logentry", "pk": 270, "fields": {"action_time": "2020-08-04T11:15:53.996Z", "user": 1, "content_type": 10, "object_id": "52", "object_repr": "Panier du 2020-08-04 11:11:38.854733 par asus", "action_flag": 3, "change_message": ""}}, {"model": "admin.logentry", "pk": 271, "fields": {"action_time": "2020-08-04T11:26:26.339Z", "user": 1, "content_type": 10, "object_id": "53", "object_repr": "Panier du 2020-08-04 11:17:25.053680 par asus", "action_flag": 3, "change_message": ""}}, {"model": "admin.logentry", "pk": 272, "fields": {"action_time": "2020-08-04T11:26:45.713Z", "user": 1, "content_type": 18, "object_id": "8", "object_repr": "Nouvel iPad Pro", "action_flag": 3, "change_message": ""}}, {"model": "admin.logentry", "pk": 273, "fields": {"action_time": "2020-08-04T11:26:45.846Z", "user": 1, "content_type": 18, "object_id": "7", "object_repr": "PS4 Pro 1 To No", "action_flag": 3, "change_message": ""}}, {"model": "admin.logentry", "pk": 274, "fields": {"action_time": "2020-08-04T11:52:34.922Z", "user": 1, "content_type": 18, "object_id": "11", "object_repr": "iPhone 11 Noir ", "action_flag": 3, "change_message": ""}}, {"model": "admin.logentry", "pk": 275, "fields": {"action_time": "2020-08-04T11:52:35.025Z", "user": 1, "content_type": 18, "object_id": "10", "object_repr": "Nouvel iPad Pro", "action_flag": 3, "change_message": ""}}, {"model": "admin.logentry", "pk": 276, "fields": {"action_time": "2020-08-04T11:52:35.066Z", "user": 1, "content_type": 18, "object_id": "9", "object_repr": "PS4 Pro 1 To No", "action_flag": 3, "change_message": ""}}, {"model": "admin.logentry", "pk": 277, "fields": {"action_time": "2020-08-04T11:53:09.649Z", "user": 1, "content_type": 10, "object_id": "54", "object_repr": "Panier du 2020-08-04 11:27:10.608023 par asus", "action_flag": 3, "change_message": ""}}, {"model": "admin.logentry", "pk": 278, "fields": {"action_time": "2020-08-04T12:34:37.782Z", "user": 1, "content_type": 10, "object_id": "55", "object_repr": "Panier du 2020-08-04 11:53:29.816426 par asus", "action_flag": 3, "change_message": ""}}, {"model": "admin.logentry", "pk": 279, "fields": {"action_time": "2020-08-04T12:36:58.684Z", "user": 1, "content_type": 18, "object_id": "15", "object_repr": "Apple Watch Ser", "action_flag": 3, "change_message": ""}}, {"model": "admin.logentry", "pk": 280, "fields": {"action_time": "2020-08-04T12:36:58.792Z", "user": 1, "content_type": 18, "object_id": "14", "object_repr": "iPhone 11 Noir ", "action_flag": 3, "change_message": ""}}, {"model": "admin.logentry", "pk": 281, "fields": {"action_time": "2020-08-04T12:36:58.851Z", "user": 1, "content_type": 18, "object_id": "13", "object_repr": "Nouvel iPad Pro", "action_flag": 3, "change_message": ""}}, {"model": "admin.logentry", "pk": 282, "fields": {"action_time": "2020-08-04T12:36:58.886Z", "user": 1, "content_type": 18, "object_id": "12", "object_repr": "PS4 Pro 1 To No", "action_flag": 3, "change_message": ""}}, {"model": "admin.logentry", "pk": 283, "fields": {"action_time": "2020-08-04T12:41:55.972Z", "user": 1, "content_type": 18, "object_id": "16", "object_repr": "PanierItem object (16)", "action_flag": 3, "change_message": ""}}, {"model": "admin.logentry", "pk": 284, "fields": {"action_time": "2020-08-04T12:42:34.706Z", "user": 1, "content_type": 10, "object_id": "56", "object_repr": "Panier du 2020-08-04 12:34:56.076171 par asus", "action_flag": 3, "change_message": ""}}, {"model": "admin.logentry", "pk": 285, "fields": {"action_time": "2020-08-04T12:50:25.825Z", "user": 1, "content_type": 18, "object_id": "20", "object_repr": "PanierItem object (20)", "action_flag": 3, "change_message": ""}}, {"model": "admin.logentry", "pk": 286, "fields": {"action_time": "2020-08-04T12:50:25.912Z", "user": 1, "content_type": 18, "object_id": "19", "object_repr": "PanierItem object (19)", "action_flag": 3, "change_message": ""}}, {"model": "admin.logentry", "pk": 287, "fields": {"action_time": "2020-08-04T12:50:25.937Z", "user": 1, "content_type": 18, "object_id": "18", "object_repr": "PanierItem object (18)", "action_flag": 3, "change_message": ""}}, {"model": "admin.logentry", "pk": 288, "fields": {"action_time": "2020-08-04T12:50:25.969Z", "user": 1, "content_type": 18, "object_id": "17", "object_repr": "PanierItem object (17)", "action_flag": 3, "change_message": ""}}, {"model": "admin.logentry", "pk": 289, "fields": {"action_time": "2020-08-04T12:50:46.617Z", "user": 1, "content_type": 10, "object_id": "58", "object_repr": "Panier du 2020-08-04 12:44:37.000872 par medard", "action_flag": 3, "change_message": ""}}, {"model": "admin.logentry", "pk": 290, "fields": {"action_time": "2020-08-04T12:50:46.713Z", "user": 1, "content_type": 10, "object_id": "57", "object_repr": "Panier du 2020-08-04 12:42:46.510233 par asus", "action_flag": 3, "change_message": ""}}, {"model": "admin.logentry", "pk": 291, "fields": {"action_time": "2020-08-04T12:58:56.530Z", "user": 1, "content_type": 10, "object_id": "59", "object_repr": "Panier du 2020-08-04 12:51:03.534469 par asus", "action_flag": 3, "change_message": ""}}, {"model": "admin.logentry", "pk": 292, "fields": {"action_time": "2020-08-04T12:59:16.775Z", "user": 1, "content_type": 18, "object_id": "21", "object_repr": "PanierItem object (21)", "action_flag": 3, "change_message": ""}}, {"model": "admin.logentry", "pk": 293, "fields": {"action_time": "2020-08-04T13:01:26.776Z", "user": 1, "content_type": 18, "object_id": "22", "object_repr": "PanierItem object (22)", "action_flag": 3, "change_message": ""}}, {"model": "admin.logentry", "pk": 294, "fields": {"action_time": "2020-08-04T13:01:46.412Z", "user": 1, "content_type": 10, "object_id": "60", "object_repr": "Panier du 2020-08-04 12:59:27.693172 par asus", "action_flag": 3, "change_message": ""}}, {"model": "admin.logentry", "pk": 295, "fields": {"action_time": "2020-08-04T13:04:17.651Z", "user": 1, "content_type": 18, "object_id": "23", "object_repr": "PanierItem object (23)", "action_flag": 3, "change_message": ""}}, {"model": "admin.logentry", "pk": 296, "fields": {"action_time": "2020-08-04T13:04:39.380Z", "user": 1, "content_type": 10, "object_id": "61", "object_repr": "Panier du 2020-08-04 13:01:52.096275 par asus", "action_flag": 3, "change_message": ""}}, {"model": "admin.logentry", "pk": 297, "fields": {"action_time": "2020-08-04T13:06:17.895Z", "user": 1, "content_type": 18, "object_id": "24", "object_repr": "PanierItem object (24)", "action_flag": 3, "change_message": ""}}, {"model": "admin.logentry", "pk": 298, "fields": {"action_time": "2020-08-04T13:06:38.225Z", "user": 1, "content_type": 10, "object_id": "62", "object_repr": "Panier du 2020-08-04 13:05:01.038173 par asus", "action_flag": 3, "change_message": ""}}, {"model": "admin.logentry", "pk": 299, "fields": {"action_time": "2020-08-04T13:23:06.473Z", "user": 1, "content_type": 10, "object_id": "63", "object_repr": "Panier du 2020-08-04 13:06:44.532439 par asus", "action_flag": 3, "change_message": ""}}, {"model": "admin.logentry", "pk": 300, "fields": {"action_time": "2020-08-04T13:23:26.879Z", "user": 1, "content_type": 18, "object_id": "25", "object_repr": "PanierItem object (25)", "action_flag": 3, "change_message": ""}}, {"model": "admin.logentry", "pk": 301, "fields": {"action_time": "2020-08-04T13:40:23.339Z", "user": 1, "content_type": 10, "object_id": "64", "object_repr": "Panier du 2020-08-04 13:25:37.169904 par asus", "action_flag": 3, "change_message": ""}}, {"model": "admin.logentry", "pk": 302, "fields": {"action_time": "2020-08-04T13:42:54.361Z", "user": 1, "content_type": 18, "object_id": "30", "object_repr": "PanierItem object (30)", "action_flag": 3, "change_message": ""}}, {"model": "admin.logentry", "pk": 303, "fields": {"action_time": "2020-08-04T13:43:28.399Z", "user": 1, "content_type": 18, "object_id": "27", "object_repr": "PanierItem object (27)", "action_flag": 3, "change_message": ""}}, {"model": "admin.logentry", "pk": 304, "fields": {"action_time": "2020-08-04T13:43:59.437Z", "user": 1, "content_type": 18, "object_id": "26", "object_repr": "PanierItem object (26)", "action_flag": 3, "change_message": ""}}, {"model": "admin.logentry", "pk": 305, "fields": {"action_time": "2020-08-04T15:19:47.180Z", "user": 1, "content_type": 10, "object_id": "65", "object_repr": "Panier du 2020-08-04 13:26:13.706315 par medard", "action_flag": 2, "change_message": "[{\"changed\": {\"fields\": [\"traite\"]}}]"}}, {"model": "admin.logentry", "pk": 306, "fields": {"action_time": "2020-08-04T15:35:17.098Z", "user": 1, "content_type": 10, "object_id": "67", "object_repr": "Panier du 2020-08-04 15:33:29.051168 par medard", "action_flag": 2, "change_message": "[{\"changed\": {\"fields\": [\"traite\"]}}]"}}, {"model": "admin.logentry", "pk": 307, "fields": {"action_time": "2020-08-04T15:38:38.100Z", "user": 1, "content_type": 10, "object_id": "66", "object_repr": "Panier du 2020-08-04 13:40:43.083730 par asus", "action_flag": 2, "change_message": "[{\"changed\": {\"fields\": [\"traite\"]}}]"}}, {"model": "admin.logentry", "pk": 308, "fields": {"action_time": "2020-08-04T18:25:48.076Z", "user": 1, "content_type": 10, "object_id": "68", "object_repr": "Panier du 2020-08-04 18:21:36.482014 par asus", "action_flag": 3, "change_message": ""}}, {"model": "admin.logentry", "pk": 309, "fields": {"action_time": "2020-08-04T18:26:17.439Z", "user": 1, "content_type": 18, "object_id": "36", "object_repr": "HP OMEN 15", "action_flag": 3, "change_message": ""}}, {"model": "admin.logentry", "pk": 310, "fields": {"action_time": "2020-08-04T18:28:31.463Z", "user": 1, "content_type": 18, "object_id": "37", "object_repr": "Samsung Galaxy Tab A 10", "action_flag": 3, "change_message": ""}}, {"model": "admin.logentry", "pk": 311, "fields": {"action_time": "2020-08-04T18:28:57.362Z", "user": 1, "content_type": 10, "object_id": "69", "object_repr": "Panier du 2020-08-04 18:26:40.842125 par asus", "action_flag": 3, "change_message": ""}}, {"model": "admin.logentry", "pk": 312, "fields": {"action_time": "2020-08-04T18:55:39.802Z", "user": 1, "content_type": 10, "object_id": "70", "object_repr": "Panier du 2020-08-04 18:29:29.915811 par asus", "action_flag": 3, "change_message": ""}}, {"model": "admin.logentry", "pk": 313, "fields": {"action_time": "2020-08-04T18:55:39.927Z", "user": 1, "content_type": 10, "object_id": "67", "object_repr": "Panier du 2020-08-04 15:33:29.051168 par medard", "action_flag": 3, "change_message": ""}}, {"model": "admin.logentry", "pk": 314, "fields": {"action_time": "2020-08-04T18:55:40.029Z", "user": 1, "content_type": 10, "object_id": "66", "object_repr": "Panier du 2020-08-04 13:40:43.083730 par asus", "action_flag": 3, "change_message": ""}}, {"model": "admin.logentry", "pk": 315, "fields": {"action_time": "2020-08-04T18:55:40.129Z", "user": 1, "content_type": 10, "object_id": "65", "object_repr": "Panier du 2020-08-04 13:26:13.706315 par medard", "action_flag": 3, "change_message": ""}}, {"model": "admin.logentry", "pk": 316, "fields": {"action_time": "2020-08-04T18:56:05.419Z", "user": 1, "content_type": 18, "object_id": "40", "object_repr": "Galaxy Watch Active2 4G", "action_flag": 3, "change_message": ""}}, {"model": "admin.logentry", "pk": 317, "fields": {"action_time": "2020-08-04T18:56:05.524Z", "user": 1, "content_type": 18, "object_id": "39", "object_repr": "Huawei P30 Pro 6.47", "action_flag": 3, "change_message": ""}}, {"model": "admin.logentry", "pk": 318, "fields": {"action_time": "2020-08-04T18:56:05.618Z", "user": 1, "content_type": 18, "object_id": "38", "object_repr": "Huawei P30", "action_flag": 3, "change_message": ""}}, {"model": "admin.logentry", "pk": 319, "fields": {"action_time": "2020-08-04T18:56:05.718Z", "user": 1, "content_type": 18, "object_id": "35", "object_repr": "Garmin Vivoactive 3", "action_flag": 3, "change_message": ""}}, {"model": "admin.logentry", "pk": 320, "fields": {"action_time": "2020-08-04T18:56:05.817Z", "user": 1, "content_type": 18, "object_id": "34", "object_repr": "Galaxy Watch Active2 4G", "action_flag": 3, "change_message": ""}}, {"model": "admin.logentry", "pk": 321, "fields": {"action_time": "2020-08-04T18:56:05.917Z", "user": 1, "content_type": 18, "object_id": "33", "object_repr": "Galaxy S20+", "action_flag": 3, "change_message": ""}}, {"model": "admin.logentry", "pk": 322, "fields": {"action_time": "2020-08-04T18:56:06.021Z", "user": 1, "content_type": 18, "object_id": "32", "object_repr": "iPhone 11 Noir - 128 Go", "action_flag": 3, "change_message": ""}}, {"model": "admin.logentry", "pk": 323, "fields": {"action_time": "2020-08-04T18:56:06.117Z", "user": 1, "content_type": 18, "object_id": "31", "object_repr": "PS4 Pro 1 To Noire", "action_flag": 3, "change_message": ""}}, {"model": "admin.logentry", "pk": 324, "fields": {"action_time": "2020-08-04T18:56:06.211Z", "user": 1, "content_type": 18, "object_id": "29", "object_repr": "iPhone 11 Noir - 128 Go", "action_flag": 3, "change_message": ""}}, {"model": "admin.logentry", "pk": 325, "fields": {"action_time": "2020-08-04T18:56:06.277Z", "user": 1, "content_type": 18, "object_id": "28", "object_repr": "PS4 Pro 1 To Noire", "action_flag": 3, "change_message": ""}}, {"model": "admin.logentry", "pk": 326, "fields": {"action_time": "2020-08-04T19:54:15.354Z", "user": 1, "content_type": 18, "object_id": "43", "object_repr": "Nouvel iPad Pro 11", "action_flag": 3, "change_message": ""}}, {"model": "admin.logentry", "pk": 327, "fields": {"action_time": "2020-08-04T19:54:15.397Z", "user": 1, "content_type": 18, "object_id": "42", "object_repr": "PS4 Pro 1 To Noire", "action_flag": 3, "change_message": ""}}, {"model": "admin.logentry", "pk": 328, "fields": {"action_time": "2020-08-04T19:54:33.621Z", "user": 1, "content_type": 10, "object_id": "72", "object_repr": "Panier du 2020-08-04 19:00:28.015165 par medard", "action_flag": 3, "change_message": ""}}, {"model": "admin.logentry", "pk": 329, "fields": {"action_time": "2020-08-04T19:54:33.671Z", "user": 1, "content_type": 10, "object_id": "71", "object_repr": "Panier du 2020-08-04 18:58:39.099408 par asus", "action_flag": 3, "change_message": ""}}, {"model": "admin.logentry", "pk": 330, "fields": {"action_time": "2020-08-04T20:08:17.533Z", "user": 1, "content_type": 10, "object_id": "74", "object_repr": "Panier du 2020-08-04 20:05:54.982750 par medard", "action_flag": 3, "change_message": ""}}, {"model": "admin.logentry", "pk": 331, "fields": {"action_time": "2020-08-04T20:08:17.580Z", "user": 1, "content_type": 10, "object_id": "73", "object_repr": "Panier du 2020-08-04 19:54:58.896078 par asus", "action_flag": 3, "change_message": ""}}, {"model": "admin.logentry", "pk": 332, "fields": {"action_time": "2020-08-04T20:08:45.231Z", "user": 1, "content_type": 18, "object_id": "58", "object_repr": "PS4 Pro 1 To Noire", "action_flag": 3, "change_message": ""}}, {"model": "admin.logentry", "pk": 333, "fields": {"action_time": "2020-08-04T20:08:45.282Z", "user": 1, "content_type": 18, "object_id": "57", "object_repr": "Nouvel iPad Pro 11", "action_flag": 3, "change_message": ""}}, {"model": "admin.logentry", "pk": 334, "fields": {"action_time": "2020-08-04T20:08:45.323Z", "user": 1, "content_type": 18, "object_id": "56", "object_repr": "PS4 Pro 1 To Noire", "action_flag": 3, "change_message": ""}}, {"model": "admin.logentry", "pk": 335, "fields": {"action_time": "2020-08-04T20:13:49.695Z", "user": 1, "content_type": 10, "object_id": "75", "object_repr": "Panier du 2020-08-04 20:08:54.963756 par asus", "action_flag": 3, "change_message": ""}}, {"model": "admin.logentry", "pk": 336, "fields": {"action_time": "2020-08-04T20:27:52.033Z", "user": 1, "content_type": 18, "object_id": "62", "object_repr": "PS4 Pro 1 To Noire", "action_flag": 3, "change_message": ""}}, {"model": "admin.logentry", "pk": 337, "fields": {"action_time": "2020-08-04T20:28:27.043Z", "user": 1, "content_type": 10, "object_id": "76", "object_repr": "Panier du 2020-08-04 20:18:22.276679 par asus", "action_flag": 3, "change_message": ""}}, {"model": "admin.logentry", "pk": 338, "fields": {"action_time": "2020-08-04T20:37:51.784Z", "user": 1, "content_type": 18, "object_id": "64", "object_repr": "PS4 Pro 1 To Noire", "action_flag": 3, "change_message": ""}}, {"model": "admin.logentry", "pk": 339, "fields": {"action_time": "2020-08-04T20:38:16.276Z", "user": 1, "content_type": 10, "object_id": "77", "object_repr": "Panier du 2020-08-04 20:31:12.941103 par asus", "action_flag": 3, "change_message": ""}}, {"model": "admin.logentry", "pk": 340, "fields": {"action_time": "2020-08-05T11:15:18.264Z", "user": 1, "content_type": 10, "object_id": "78", "object_repr": "Panier du 2020-08-04 20:38:31.777971 par asus", "action_flag": 3, "change_message": ""}}, {"model": "admin.logentry", "pk": 341, "fields": {"action_time": "2020-08-05T11:19:40.237Z", "user": 1, "content_type": 18, "object_id": "70", "object_repr": "Nouvel iPad Pro 11", "action_flag": 3, "change_message": ""}}, {"model": "admin.logentry", "pk": 342, "fields": {"action_time": "2020-08-05T11:20:21.446Z", "user": 1, "content_type": 10, "object_id": "79", "object_repr": "Panier du 2020-08-05 11:15:23.627120 par asus", "action_flag": 3, "change_message": ""}}, {"model": "admin.logentry", "pk": 343, "fields": {"action_time": "2020-08-05T11:21:17.763Z", "user": 1, "content_type": 10, "object_id": "80", "object_repr": "Panier du 2020-08-05 11:20:33.668131 par asus", "action_flag": 3, "change_message": ""}}, {"model": "admin.logentry", "pk": 344, "fields": {"action_time": "2020-08-05T11:21:41.762Z", "user": 1, "content_type": 18, "object_id": "74", "object_repr": "Nouvel iPad Pro 11", "action_flag": 3, "change_message": ""}}, {"model": "admin.logentry", "pk": 345, "fields": {"action_time": "2020-08-05T11:22:06.773Z", "user": 1, "content_type": 8, "object_id": "39", "object_repr": "Nouvel iPad Pro 11", "action_flag": 3, "change_message": ""}}, {"model": "admin.logentry", "pk": 346, "fields": {"action_time": "2020-08-05T11:51:51.025Z", "user": 1, "content_type": 18, "object_id": "86", "object_repr": "iPhone 11 Noir - 128 Go", "action_flag": 3, "change_message": ""}}, {"model": "admin.logentry", "pk": 347, "fields": {"action_time": "2020-08-05T11:51:51.065Z", "user": 1, "content_type": 18, "object_id": "85", "object_repr": "iPhone 11 Noir - 128 Go", "action_flag": 3, "change_message": ""}}, {"model": "admin.logentry", "pk": 348, "fields": {"action_time": "2020-08-05T11:51:51.108Z", "user": 1, "content_type": 18, "object_id": "84", "object_repr": "PS4 Pro 1 To Noire", "action_flag": 3, "change_message": ""}}, {"model": "admin.logentry", "pk": 349, "fields": {"action_time": "2020-08-05T11:51:51.147Z", "user": 1, "content_type": 18, "object_id": "83", "object_repr": "PS4 Pro 1 To Noire", "action_flag": 3, "change_message": ""}}, {"model": "admin.logentry", "pk": 350, "fields": {"action_time": "2020-08-05T11:51:51.194Z", "user": 1, "content_type": 18, "object_id": "82", "object_repr": "PS4 Pro 1 To Noire", "action_flag": 3, "change_message": ""}}, {"model": "admin.logentry", "pk": 351, "fields": {"action_time": "2020-08-05T11:51:51.260Z", "user": 1, "content_type": 18, "object_id": "77", "object_repr": "PS4 Pro 1 To Noire", "action_flag": 3, "change_message": ""}}, {"model": "admin.logentry", "pk": 352, "fields": {"action_time": "2020-08-05T11:52:23.445Z", "user": 1, "content_type": 10, "object_id": "81", "object_repr": "Panier du 2020-08-05 11:22:30.950538 par asus", "action_flag": 3, "change_message": ""}}, {"model": "admin.logentry", "pk": 353, "fields": {"action_time": "2020-08-05T11:52:45.513Z", "user": 1, "content_type": 10, "object_id": "82", "object_repr": "Panier du 2020-08-05 11:40:13.594881 par medard", "action_flag": 3, "change_message": ""}}, {"model": "admin.logentry", "pk": 354, "fields": {"action_time": "2020-08-05T12:10:44.019Z", "user": 1, "content_type": 10, "object_id": "85", "object_repr": "Panier du 2020-08-05 12:05:03.313941 par planetdark", "action_flag": 3, "change_message": ""}}, {"model": "admin.logentry", "pk": 355, "fields": {"action_time": "2020-08-05T12:10:44.062Z", "user": 1, "content_type": 10, "object_id": "84", "object_repr": "Panier du 2020-08-05 11:58:27.721943 par medard", "action_flag": 3, "change_message": ""}}, {"model": "admin.logentry", "pk": 356, "fields": {"action_time": "2020-08-05T12:10:44.097Z", "user": 1, "content_type": 10, "object_id": "83", "object_repr": "Panier du 2020-08-05 11:53:34.682780 par asus", "action_flag": 3, "change_message": ""}}, {"model": "admin.logentry", "pk": 357, "fields": {"action_time": "2020-08-05T12:19:09.971Z", "user": 1, "content_type": 18, "object_id": "97", "object_repr": "PS4 Pro 1 To Noire", "action_flag": 3, "change_message": ""}}, {"model": "admin.logentry", "pk": 358, "fields": {"action_time": "2020-08-05T12:19:10.021Z", "user": 1, "content_type": 18, "object_id": "96", "object_repr": "PS4 Pro 1 To Noire", "action_flag": 3, "change_message": ""}}, {"model": "admin.logentry", "pk": 359, "fields": {"action_time": "2020-08-05T12:19:10.060Z", "user": 1, "content_type": 18, "object_id": "95", "object_repr": "PS4 Pro 1 To Noire", "action_flag": 3, "change_message": ""}}, {"model": "admin.logentry", "pk": 360, "fields": {"action_time": "2020-08-05T12:19:10.095Z", "user": 1, "content_type": 18, "object_id": "90", "object_repr": "iPhone 11 Noir - 128 Go", "action_flag": 3, "change_message": ""}}, {"model": "admin.logentry", "pk": 361, "fields": {"action_time": "2020-08-05T12:19:10.130Z", "user": 1, "content_type": 18, "object_id": "87", "object_repr": "PS4 Pro 1 To Noire", "action_flag": 3, "change_message": ""}}, {"model": "admin.logentry", "pk": 362, "fields": {"action_time": "2020-08-05T12:24:23.278Z", "user": 1, "content_type": 10, "object_id": "86", "object_repr": "Panier du 2020-08-05 12:19:31.740170 par medard", "action_flag": 3, "change_message": ""}}, {"model": "admin.logentry", "pk": 363, "fields": {"action_time": "2020-08-05T12:24:41.898Z", "user": 1, "content_type": 18, "object_id": "99", "object_repr": "PS4 Pro 1 To Noire", "action_flag": 3, "change_message": ""}}, {"model": "admin.logentry", "pk": 364, "fields": {"action_time": "2020-08-05T12:28:03.030Z", "user": 1, "content_type": 10, "object_id": "87", "object_repr": "Panier du 2020-08-05 12:25:37.323853 par medard", "action_flag": 3, "change_message": ""}}, {"model": "admin.logentry", "pk": 365, "fields": {"action_time": "2020-08-05T12:28:26.774Z", "user": 1, "content_type": 18, "object_id": "101", "object_repr": "iPhone 11 Noir - 128 Go", "action_flag": 3, "change_message": ""}}, {"model": "admin.logentry", "pk": 366, "fields": {"action_time": "2020-08-05T12:30:23.766Z", "user": 1, "content_type": 18, "object_id": "103", "object_repr": "iPhone 11 Noir - 128 Go", "action_flag": 3, "change_message": ""}}, {"model": "admin.logentry", "pk": 367, "fields": {"action_time": "2020-08-05T12:30:40.141Z", "user": 1, "content_type": 10, "object_id": "88", "object_repr": "Panier du 2020-08-05 12:28:59.085888 par medard", "action_flag": 3, "change_message": ""}}, {"model": "admin.logentry", "pk": 368, "fields": {"action_time": "2020-08-05T12:34:48.249Z", "user": 1, "content_type": 10, "object_id": "89", "object_repr": "Panier du 2020-08-05 12:30:52.635282 par medard", "action_flag": 3, "change_message": ""}}, {"model": "admin.logentry", "pk": 369, "fields": {"action_time": "2020-08-05T12:35:06.113Z", "user": 1, "content_type": 18, "object_id": "105", "object_repr": "iPhone 11 Noir - 128 Go", "action_flag": 3, "change_message": ""}}, {"model": "admin.logentry", "pk": 370, "fields": {"action_time": "2020-08-05T12:42:09.390Z", "user": 1, "content_type": 18, "object_id": "109", "object_repr": "Garmin Vivoactive 3", "action_flag": 3, "change_message": ""}}, {"model": "admin.logentry", "pk": 371, "fields": {"action_time": "2020-08-05T12:42:09.461Z", "user": 1, "content_type": 18, "object_id": "108", "object_repr": "PS4 Pro 1 To Noire", "action_flag": 3, "change_message": ""}}, {"model": "admin.logentry", "pk": 372, "fields": {"action_time": "2020-08-05T12:42:09.503Z", "user": 1, "content_type": 18, "object_id": "106", "object_repr": "iPhone 11 Noir - 128 Go", "action_flag": 3, "change_message": ""}}, {"model": "admin.logentry", "pk": 373, "fields": {"action_time": "2020-08-05T12:42:29.832Z", "user": 1, "content_type": 10, "object_id": "90", "object_repr": "Panier du 2020-08-05 12:35:22.983548 par medard", "action_flag": 3, "change_message": ""}}, {"model": "admin.logentry", "pk": 374, "fields": {"action_time": "2020-08-05T12:51:59.306Z", "user": 1, "content_type": 18, "object_id": "113", "object_repr": "iPhone 11 Noir - 128 Go", "action_flag": 3, "change_message": ""}}, {"model": "admin.logentry", "pk": 375, "fields": {"action_time": "2020-08-05T12:52:18.356Z", "user": 1, "content_type": 10, "object_id": "91", "object_repr": "Panier du 2020-08-05 12:42:55.482568 par medard", "action_flag": 3, "change_message": ""}}, {"model": "admin.logentry", "pk": 376, "fields": {"action_time": "2020-08-06T19:03:13.889Z", "user": 1, "content_type": 8, "object_id": "22", "object_repr": "MacBook Pro Touch Bar 16", "action_flag": 2, "change_message": "[{\"changed\": {\"fields\": [\"picture\"]}}]"}}, {"model": "admin.logentry", "pk": 377, "fields": {"action_time": "2020-08-06T19:04:32.047Z", "user": 1, "content_type": 8, "object_id": "22", "object_repr": "MacBook Pro Touch Bar 16", "action_flag": 2, "change_message": "[{\"changed\": {\"fields\": [\"picture\"]}}]"}}, {"model": "admin.logentry", "pk": 378, "fields": {"action_time": "2020-08-06T19:07:40.081Z", "user": 1, "content_type": 8, "object_id": "22", "object_repr": "MacBook Pro Touch Bar 16", "action_flag": 2, "change_message": "[{\"changed\": {\"fields\": [\"picture\"]}}]"}}, {"model": "admin.logentry", "pk": 379, "fields": {"action_time": "2020-08-20T18:06:59.315Z", "user": 1, "content_type": 8, "object_id": "37", "object_repr": "PS4 Pro 1 To Noire", "action_flag": 2, "change_message": "[{\"changed\": {\"fields\": [\"description\", \"quantite\"]}}]"}}, {"model": "admin.logentry", "pk": 380, "fields": {"action_time": "2020-08-20T18:11:25.188Z", "user": 1, "content_type": 8, "object_id": "37", "object_repr": "PS4 Pro 1 To Noire", "action_flag": 2, "change_message": "[{\"changed\": {\"fields\": [\"description\"]}}]"}}, {"model": "admin.logentry", "pk": 381, "fields": {"action_time": "2020-08-20T20:30:38.486Z", "user": 1, "content_type": 8, "object_id": "37", "object_repr": "PS4 Pro 1 To Noire", "action_flag": 2, "change_message": "[{\"changed\": {\"fields\": [\"description\"]}}]"}}, {"model": "admin.logentry", "pk": 382, "fields": {"action_time": "2020-08-20T20:39:11.833Z", "user": 1, "content_type": 8, "object_id": "26", "object_repr": "Watch Series 3 Gris sid\u00e9ral", "action_flag": 2, "change_message": "[{\"changed\": {\"fields\": [\"description\"]}}]"}}, {"model": "admin.logentry", "pk": 383, "fields": {"action_time": "2020-08-21T01:05:18.063Z", "user": 1, "content_type": 8, "object_id": "34", "object_repr": "Nouvel iPad Pro", "action_flag": 2, "change_message": "[{\"changed\": {\"fields\": [\"description\"]}}]"}}, {"model": "admin.logentry", "pk": 384, "fields": {"action_time": "2020-08-21T01:10:06.725Z", "user": 1, "content_type": 8, "object_id": "38", "object_repr": "Asus Gaming A15", "action_flag": 1, "change_message": "[{\"added\": {}}]"}}, {"model": "admin.logentry", "pk": 385, "fields": {"action_time": "2020-08-21T01:12:39.165Z", "user": 1, "content_type": 8, "object_id": "38", "object_repr": "Asus Gaming A15", "action_flag": 2, "change_message": "[{\"changed\": {\"fields\": [\"description\"]}}]"}}, {"model": "admin.logentry", "pk": 386, "fields": {"action_time": "2020-08-21T01:14:26.001Z", "user": 1, "content_type": 8, "object_id": "38", "object_repr": "Asus Gaming A15", "action_flag": 2, "change_message": "[{\"changed\": {\"fields\": [\"description\"]}}]"}}, {"model": "admin.logentry", "pk": 387, "fields": {"action_time": "2020-08-22T18:23:04.145Z", "user": 1, "content_type": 12, "object_id": "14", "object_repr": "Seria : contact 14", "action_flag": 3, "change_message": ""}}, {"model": "admin.logentry", "pk": 388, "fields": {"action_time": "2020-08-22T18:23:18.605Z", "user": 1, "content_type": 12, "object_id": "13", "object_repr": "magique : contact 13", "action_flag": 3, "change_message": ""}}, {"model": "admin.logentry", "pk": 389, "fields": {"action_time": "2020-08-22T18:23:18.636Z", "user": 1, "content_type": 12, "object_id": "12", "object_repr": "medardpo : contact 12", "action_flag": 3, "change_message": ""}}, {"model": "admin.logentry", "pk": 390, "fields": {"action_time": "2020-08-22T18:23:18.673Z", "user": 1, "content_type": 12, "object_id": "11", "object_repr": "fasso : contact 11", "action_flag": 3, "change_message": ""}}, {"model": "admin.logentry", "pk": 391, "fields": {"action_time": "2020-08-22T18:23:18.696Z", "user": 1, "content_type": 12, "object_id": "10", "object_repr": "beckam : contact 10", "action_flag": 3, "change_message": ""}}, {"model": "admin.logentry", "pk": 392, "fields": {"action_time": "2020-08-22T18:23:18.724Z", "user": 1, "content_type": 12, "object_id": "9", "object_repr": "planet : contact 9", "action_flag": 3, "change_message": ""}}, {"model": "admin.logentry", "pk": 393, "fields": {"action_time": "2020-08-22T18:23:18.747Z", "user": 1, "content_type": 12, "object_id": "8", "object_repr": "medard : contact 8", "action_flag": 3, "change_message": ""}}, {"model": "admin.logentry", "pk": 394, "fields": {"action_time": "2020-08-22T18:23:18.771Z", "user": 1, "content_type": 12, "object_id": "7", "object_repr": "medard : contact 7", "action_flag": 3, "change_message": ""}}, {"model": "admin.logentry", "pk": 395, "fields": {"action_time": "2020-08-22T18:23:18.792Z", "user": 1, "content_type": 12, "object_id": "6", "object_repr": "Medard : contact 6", "action_flag": 3, "change_message": ""}}, {"model": "admin.logentry", "pk": 396, "fields": {"action_time": "2020-08-22T18:23:18.813Z", "user": 1, "content_type": 12, "object_id": "5", "object_repr": "Medard : contact 5", "action_flag": 3, "change_message": ""}}, {"model": "admin.logentry", "pk": 397, "fields": {"action_time": "2020-08-22T18:23:18.834Z", "user": 1, "content_type": 12, "object_id": "4", "object_repr": "Seria : contact 4", "action_flag": 3, "change_message": ""}}, {"model": "admin.logentry", "pk": 398, "fields": {"action_time": "2020-08-22T18:23:30.190Z", "user": 1, "content_type": 12, "object_id": "2", "object_repr": "Seria : contact 2", "action_flag": 3, "change_message": ""}}, {"model": "admin.logentry", "pk": 399, "fields": {"action_time": "2020-08-22T18:59:08.013Z", "user": 1, "content_type": 10, "object_id": "100", "object_repr": "Panier du 2020-08-07 12:51:52.807234 par medard", "action_flag": 3, "change_message": ""}}, {"model": "admin.logentry", "pk": 400, "fields": {"action_time": "2020-08-22T18:59:08.033Z", "user": 1, "content_type": 10, "object_id": "99", "object_repr": "Panier du 2020-08-05 22:07:26.703745 par asus", "action_flag": 3, "change_message": ""}}, {"model": "admin.logentry", "pk": 401, "fields": {"action_time": "2020-08-22T18:59:08.053Z", "user": 1, "content_type": 10, "object_id": "98", "object_repr": "Panier du 2020-08-05 18:32:15.465387 par asus", "action_flag": 3, "change_message": ""}}, {"model": "admin.logentry", "pk": 402, "fields": {"action_time": "2020-08-22T18:59:08.077Z", "user": 1, "content_type": 10, "object_id": "97", "object_repr": "Panier du 2020-08-05 17:40:14.041210 par asus", "action_flag": 3, "change_message": ""}}, {"model": "admin.logentry", "pk": 403, "fields": {"action_time": "2020-08-22T18:59:08.095Z", "user": 1, "content_type": 10, "object_id": "96", "object_repr": "Panier du 2020-08-05 17:39:18.636762 par asus", "action_flag": 3, "change_message": ""}}, {"model": "admin.logentry", "pk": 404, "fields": {"action_time": "2020-08-22T18:59:08.114Z", "user": 1, "content_type": 10, "object_id": "95", "object_repr": "Panier du 2020-08-05 17:20:15.033175 par medard", "action_flag": 3, "change_message": ""}}, {"model": "admin.logentry", "pk": 405, "fields": {"action_time": "2020-08-22T18:59:08.133Z", "user": 1, "content_type": 10, "object_id": "94", "object_repr": "Panier du 2020-08-05 16:33:31.374065 par medard", "action_flag": 3, "change_message": ""}}, {"model": "admin.logentry", "pk": 406, "fields": {"action_time": "2020-08-22T18:59:08.152Z", "user": 1, "content_type": 10, "object_id": "93", "object_repr": "Panier du 2020-08-05 16:25:02.018326 par medard", "action_flag": 3, "change_message": ""}}, {"model": "admin.logentry", "pk": 407, "fields": {"action_time": "2020-08-22T18:59:08.172Z", "user": 1, "content_type": 10, "object_id": "92", "object_repr": "Panier du 2020-08-05 12:52:42.449860 par medard", "action_flag": 3, "change_message": ""}}, {"model": "admin.logentry", "pk": 408, "fields": {"action_time": "2020-08-22T18:59:30.837Z", "user": 1, "content_type": 18, "object_id": "144", "object_repr": "Asus Gaming A15", "action_flag": 3, "change_message": ""}}, {"model": "admin.logentry", "pk": 409, "fields": {"action_time": "2020-08-22T18:59:30.866Z", "user": 1, "content_type": 18, "object_id": "141", "object_repr": "Iphone X", "action_flag": 3, "change_message": ""}}, {"model": "admin.logentry", "pk": 410, "fields": {"action_time": "2020-08-22T18:59:30.885Z", "user": 1, "content_type": 18, "object_id": "140", "object_repr": "Huawei P20 Pro", "action_flag": 3, "change_message": ""}}, {"model": "admin.logentry", "pk": 411, "fields": {"action_time": "2020-08-22T18:59:30.905Z", "user": 1, "content_type": 18, "object_id": "139", "object_repr": "Apple Watch Series 3", "action_flag": 3, "change_message": ""}}, {"model": "admin.logentry", "pk": 412, "fields": {"action_time": "2020-08-22T18:59:30.925Z", "user": 1, "content_type": 18, "object_id": "136", "object_repr": "PS4 Pro 1 To Noire", "action_flag": 3, "change_message": ""}}, {"model": "admin.logentry", "pk": 413, "fields": {"action_time": "2020-08-22T18:59:30.945Z", "user": 1, "content_type": 18, "object_id": "133", "object_repr": "PS4 Pro 1 To Noire", "action_flag": 3, "change_message": ""}}, {"model": "admin.logentry", "pk": 414, "fields": {"action_time": "2020-08-22T18:59:30.964Z", "user": 1, "content_type": 18, "object_id": "132", "object_repr": "PS4 Pro 1 To Noire", "action_flag": 3, "change_message": ""}}, {"model": "admin.logentry", "pk": 415, "fields": {"action_time": "2020-08-22T18:59:30.984Z", "user": 1, "content_type": 18, "object_id": "131", "object_repr": "Garmin Vivoactive 3", "action_flag": 3, "change_message": ""}}, {"model": "admin.logentry", "pk": 416, "fields": {"action_time": "2020-08-22T18:59:31.003Z", "user": 1, "content_type": 18, "object_id": "130", "object_repr": "iPhone 11 Noir - 128 Go", "action_flag": 3, "change_message": ""}}, {"model": "admin.logentry", "pk": 417, "fields": {"action_time": "2020-08-22T18:59:31.023Z", "user": 1, "content_type": 18, "object_id": "129", "object_repr": "PS4 Pro 1 To Noire", "action_flag": 3, "change_message": ""}}, {"model": "admin.logentry", "pk": 418, "fields": {"action_time": "2020-08-22T18:59:31.043Z", "user": 1, "content_type": 18, "object_id": "125", "object_repr": "Iphone X", "action_flag": 3, "change_message": ""}}, {"model": "admin.logentry", "pk": 419, "fields": {"action_time": "2020-08-22T18:59:31.063Z", "user": 1, "content_type": 18, "object_id": "124", "object_repr": "Gaming Asus ROG", "action_flag": 3, "change_message": ""}}, {"model": "admin.logentry", "pk": 420, "fields": {"action_time": "2020-08-22T18:59:31.082Z", "user": 1, "content_type": 18, "object_id": "123", "object_repr": "iPad Apple 32 Go", "action_flag": 3, "change_message": ""}}, {"model": "admin.logentry", "pk": 421, "fields": {"action_time": "2020-08-22T18:59:31.102Z", "user": 1, "content_type": 18, "object_id": "121", "object_repr": "PS4 Pro 1 To Noire", "action_flag": 3, "change_message": ""}}, {"model": "admin.logentry", "pk": 422, "fields": {"action_time": "2020-08-22T18:59:31.122Z", "user": 1, "content_type": 18, "object_id": "114", "object_repr": "iPhone 11 Noir - 128 Go", "action_flag": 3, "change_message": ""}}, {"model": "admin.logentry", "pk": 423, "fields": {"action_time": "2020-08-22T18:59:53.548Z", "user": 1, "content_type": 14, "object_id": "4", "object_repr": "hdgzjzzeghbhdgd...", "action_flag": 3, "change_message": ""}}, {"model": "admin.logentry", "pk": 424, "fields": {"action_time": "2020-08-22T18:59:53.574Z", "user": 1, "content_type": 14, "object_id": "3", "object_repr": "12455 kol...", "action_flag": 3, "change_message": ""}}, {"model": "admin.logentry", "pk": 425, "fields": {"action_time": "2020-08-22T19:00:17.955Z", "user": 1, "content_type": 15, "object_id": "8", "object_repr": "jcygfefhbezdygc... de la part de Seria", "action_flag": 3, "change_message": ""}}, {"model": "admin.logentry", "pk": 426, "fields": {"action_time": "2020-08-22T19:00:17.981Z", "user": 1, "content_type": 15, "object_id": "7", "object_repr": "Apres... de la part de medard", "action_flag": 3, "change_message": ""}}, {"model": "admin.logentry", "pk": 427, "fields": {"action_time": "2020-08-22T19:00:18.003Z", "user": 1, "content_type": 15, "object_id": "6", "object_repr": "malll... de la part de Seria", "action_flag": 3, "change_message": ""}}, {"model": "admin.logentry", "pk": 428, "fields": {"action_time": "2020-08-22T22:56:12.285Z", "user": 1, "content_type": 8, "object_id": "22", "object_repr": "MacBook Pro Touch Bar 16", "action_flag": 2, "change_message": "[{\"changed\": {\"fields\": [\"description\", \"media\"]}}]"}}, {"model": "admin.logentry", "pk": 429, "fields": {"action_time": "2020-08-22T22:58:52.938Z", "user": 1, "content_type": 8, "object_id": "3", "object_repr": "Sony Xperia 10", "action_flag": 2, "change_message": "[{\"changed\": {\"fields\": [\"description\"]}}]"}}, {"model": "admin.logentry", "pk": 430, "fields": {"action_time": "2020-08-22T23:00:33.057Z", "user": 1, "content_type": 8, "object_id": "1", "object_repr": "Iphone X", "action_flag": 2, "change_message": "[{\"changed\": {\"fields\": [\"description\"]}}]"}}, {"model": "admin.logentry", "pk": 431, "fields": {"action_time": "2020-10-06T12:28:10.888Z", "user": 1, "content_type": 12, "object_id": "20", "object_repr": "medard : contact 20", "action_flag": 3, "change_message": ""}}, {"model": "admin.logentry", "pk": 432, "fields": {"action_time": "2020-10-06T12:28:10.990Z", "user": 1, "content_type": 12, "object_id": "15", "object_repr": "Seria : contact 15", "action_flag": 3, "change_message": ""}}, {"model": "admin.logentry", "pk": 433, "fields": {"action_time": "2020-10-29T15:07:26.790Z", "user": 1, "content_type": 17, "object_id": "5", "object_repr": "Foundation", "action_flag": 2, "change_message": "[{\"changed\": {\"fields\": [\"active\"]}}]"}}, {"model": "admin.logentry", "pk": 434, "fields": {"action_time": "2020-10-29T15:07:27.002Z", "user": 1, "content_type": 17, "object_id": "2", "object_repr": "Soma Electronic", "action_flag": 2, "change_message": "[{\"changed\": {\"fields\": [\"active\"]}}]"}}, {"model": "admin.logentry", "pk": 435, "fields": {"action_time": "2020-10-29T15:07:36.691Z", "user": 1, "content_type": 17, "object_id": "3", "object_repr": "Bootstrap", "action_flag": 2, "change_message": "[{\"changed\": {\"fields\": [\"active\"]}}]"}}, {"model": "admin.logentry", "pk": 436, "fields": {"action_time": "2020-10-29T15:07:37.024Z", "user": 1, "content_type": 17, "object_id": "2", "object_repr": "Soma Electronic", "action_flag": 2, "change_message": "[{\"changed\": {\"fields\": [\"active\"]}}]"}}, {"model": "admin.logentry", "pk": 437, "fields": {"action_time": "2020-10-29T15:07:46.332Z", "user": 1, "content_type": 17, "object_id": "4", "object_repr": "USWDS", "action_flag": 2, "change_message": "[{\"changed\": {\"fields\": [\"active\"]}}]"}}, {"model": "admin.logentry", "pk": 438, "fields": {"action_time": "2020-10-29T15:07:46.575Z", "user": 1, "content_type": 17, "object_id": "3", "object_repr": "Bootstrap", "action_flag": 2, "change_message": "[{\"changed\": {\"fields\": [\"active\"]}}]"}}, {"model": "admin.logentry", "pk": 439, "fields": {"action_time": "2020-10-29T15:07:56.259Z", "user": 1, "content_type": 17, "object_id": "5", "object_repr": "Foundation", "action_flag": 2, "change_message": "[{\"changed\": {\"fields\": [\"active\"]}}]"}}, {"model": "admin.logentry", "pk": 440, "fields": {"action_time": "2020-10-29T15:07:56.488Z", "user": 1, "content_type": 17, "object_id": "4", "object_repr": "USWDS", "action_flag": 2, "change_message": "[{\"changed\": {\"fields\": [\"active\"]}}]"}}, {"model": "admin.logentry", "pk": 441, "fields": {"action_time": "2020-10-29T15:25:24.769Z", "user": 1, "content_type": 8, "object_id": "39", "object_repr": "iPhone 12 5G", "action_flag": 1, "change_message": "[{\"added\": {}}]"}}, {"model": "admin.logentry", "pk": 442, "fields": {"action_time": "2020-10-29T15:49:03.048Z", "user": 1, "content_type": 8, "object_id": "40", "object_repr": "Xbox Series X", "action_flag": 1, "change_message": "[{\"added\": {}}]"}}, {"model": "admin.logentry", "pk": 443, "fields": {"action_time": "2020-10-29T15:51:57.089Z", "user": 1, "content_type": 7, "object_id": "2", "object_repr": "Samsung", "action_flag": 2, "change_message": "[{\"added\": {\"name\": \"Relation categorie-souscategorie\", \"object\": \"Categorie_souscategorie object (23)\"}}]"}}, {"model": "admin.logentry", "pk": 444, "fields": {"action_time": "2022-07-25T20:12:26.967Z", "user": 35, "content_type": 8, "object_id": "41", "object_repr": "Iphone 13 mini", "action_flag": 1, "change_message": "[{\"added\": {}}]"}}]
