[{"model": "auth.user", "pk": 1, "fields": {"password": "pbkdf2_sha256$150000$uHIDVf2Ilvvw$dnG+NuNmF4UrSrrDMts6I1IoQcYwhUDdzUSvx+hjYPs=", "last_login": "2021-02-07T19:57:04.478Z", "is_superuser": true, "username": "asus", "first_name": "", "last_name": "", "email": "seriamedard@gmail.com", "is_staff": true, "is_active": true, "date_joined": "2020-07-14T21:08:06.771Z", "groups": [], "user_permissions": []}}, {"model": "auth.user", "pk": 27, "fields": {"password": "pbkdf2_sha256$150000$ATWro5VdNKyT$VGId/kS8FsLqk97sVsNSe8b8XMQl0toTHWzTKIJK1J0=", "last_login": "2022-08-22T20:50:58.870Z", "is_superuser": false, "username": "medard", "first_name": "sobkika", "last_name": "kal", "email": "seriamedard@gmail.com", "is_staff": false, "is_active": true, "date_joined": "2020-07-20T18:49:22.849Z", "groups": [], "user_permissions": []}}, {"model": "auth.user", "pk": 30, "fields": {"password": "pbkdf2_sha256$150000$FaUAKabkdD73$ScqMiktwEXELV8Wc3leog/SFiwPH8+gskGgElyNUFfU=", "last_login": "2020-07-24T14:37:53.667Z", "is_superuser": false, "username": "planet23", "first_name": "dark", "last_name": "planet", "email": "planetdark23@gmail.com", "is_staff": false, "is_active": true, "date_joined": "2020-07-24T13:50:53.637Z", "groups": [], "user_permissions": []}}, {"model": "auth.user", "pk": 31, "fields": {"password": "pbkdf2_sha256$150000$qacvKoGb73ba$rlRH/LeNjokxTzLwtfDWQZ6jkpDu7yXFK5sEUeSrqI8=", "last_login": "2020-07-25T12:35:23.054Z", "is_superuser": false, "username": "seriamedard", "first_name": "Seria", "last_name": "Medard", "email": "medardseria@gmail.com", "is_staff": false, "is_active": true, "date_joined": "2020-07-24T14:53:30.056Z", "groups": [], "user_permissions": []}}, {"model": "auth.user", "pk": 32, "fields": {"password": "pbkdf2_sha256$150000$xS2qkrXtycPy$R6gOaTGCxSXlmWJ3eeNlZwkMyrGYmziR367cYZjCFv8=", "last_login": "2020-08-05T12:04:34.808Z", "is_superuser": false, "username": "planetdark", "first_name": "Seria", "last_name": "Medard", "email": "planetdark23@gmail.com", "is_staff": false, "is_active": true, "date_joined": "2020-08-05T12:04:33.082Z", "groups": [], "user_permissions": []}}, {"model": "auth.user", "pk": 33, "fields": {"password": "pbkdf2_sha256$150000$MCV5f9yiOISR$MYr9RFsMTS9dZ2iJnDJZ2AiS9v/NnZhvXNKvy++bs8g=", "last_login": "2020-08-31T14:44:19.951Z", "is_superuser": false, "username": "nouria", "first_name": "KABORE", "last_name": "NOURIA", "email": "Nouria.kabore.pge2018@gmail.com", "is_staff": false, "is_active": true, "date_joined": "2020-08-31T14:44:18.538Z", "groups": [], "user_permissions": []}}, {"model": "auth.user", "pk": 34, "fields": {"password": "pbkdf2_sha256$150000$wI1NFQm9K6Mi$FODOTdvAF5w17HuIys1P9Ayi0DRgV2mHWEDv33h4Exs=", "last_login": "2020-11-28T21:09:32.433Z", "is_superuser": false, "username": "seria", "first_name": "seria", "last_name": "medard", "email": "seria@gmail.com", "is_staff": false, "is_active": true, "date_joined": "2020-11-28T21:09:29.801Z", "groups": [], "user_permissions": []}}, {"model": "auth.user", "pk": 35, "fields": {"password": "pbkdf2_sha256$150000$R8kJB8xZ5CtR$1jwR0MgvErQHaR9LlofGpyW8Kiak9atqH2kcDfv02Aw=", "last_login": "2022-07-25T20:03:53.659Z", "is_superuser": true, "username": "madara", "first_name": "", "last_name": "", "email": "seriamedard@gmail.com", "is_staff": true, "is_active": true, "date_joined": "2022-07-25T20:03:21.375Z", "groups": [], "user_permissions": []}}, {"model": "auth.user", "pk": 36, "fields": {"password": "pbkdf2_sha256$150000$bw039JBBJWwa$lN4EeOD6EVazVssLWUw1DdXMW1nHqAkgwGLVWE2sbbA=", "last_login": "2023-04-28T15:15:02.511Z", "is_superuser": false, "username": "gamos", "first_name": "louis", "last_name": "jean", "email": "louia@gmail.com", "is_staff": false, "is_active": true, "date_joined": "2023-04-28T15:15:02.184Z", "groups": [], "user_permissions": []}}, {"model": "sessions.session", "pk": "1515n9llefzd0dcnvwlx40wnchfy0k0a", "fields": {"session_data": "MmJjYzQ2ODllNWY5NzQ1ZWU0NDNlOGIwNjVhMmI2ZjA1NDZhMTQ3Yjp7Il9hdXRoX3VzZXJfaWQiOiIxIiwiX2F1dGhfdXNlcl9iYWNrZW5kIjoiZGphbmdvLmNvbnRyaWIuYXV0aC5iYWNrZW5kcy5Nb2RlbEJhY2tlbmQiLCJfYXV0aF91c2VyX2hhc2giOiJhYmQwNGQxODVhNDc2YTAxNWJhMjFmMTNkNWNlNDcxYTU0NTc2MzI2In0=", "expire_date": "2021-02-21T19:56:53.838Z"}}, {"model": "sessions.session", "pk": "2d00u3btukigjvyv7ihvim6vk7brcfqu", "fields": {"session_data": "ODUwYmVjMDM3ZjQwMWU4NGRhNzRmMjFlZGU4NDhmZGJiNzY3NWNlMTp7fQ==", "expire_date": "2020-08-05T15:07:15.856Z"}}, {"model": "sessions.session", "pk": "2j0ca9e65nykzvecljm2egqktot1ex0e", "fields": {"session_data": "MmJjYzQ2ODllNWY5NzQ1ZWU0NDNlOGIwNjVhMmI2ZjA1NDZhMTQ3Yjp7Il9hdXRoX3VzZXJfaWQiOiIxIiwiX2F1dGhfdXNlcl9iYWNrZW5kIjoiZGphbmdvLmNvbnRyaWIuYXV0aC5iYWNrZW5kcy5Nb2RlbEJhY2tlbmQiLCJfYXV0aF91c2VyX2hhc2giOiJhYmQwNGQxODVhNDc2YTAxNWJhMjFmMTNkNWNlNDcxYTU0NTc2MzI2In0=", "expire_date": "2021-01-31T18:47:59.651Z"}}, {"model": "sessions.session", "pk": "akiq14iljg497f5y1xc3mib3fuxon8h3", "fields": {"session_data": "YWNmNzE1ZGE3ZDM1NWRhNmU4ZGJiMGFmNThjMjNkMjcxMTJjYmE1Nzp7Il9hdXRoX3VzZXJfaWQiOiIyNyIsIl9hdXRoX3VzZXJfYmFja2VuZCI6ImRqYW5nby5jb250cmliLmF1dGguYmFja2VuZHMuTW9kZWxCYWNrZW5kIiwiX2F1dGhfdXNlcl9oYXNoIjoiMTRmNDdiYWIwYTE4MGJhZmEzODdiODllYTc5Njg3N2ZhYjUwYmI0MSJ9", "expire_date": "2022-08-08T20:13:41.718Z"}}, {"model": "sessions.session", "pk": "ceu01vm2o5jusyj5whi9c4no2wjxs5rg", "fields": {"session_data": "YWNmNzE1ZGE3ZDM1NWRhNmU4ZGJiMGFmNThjMjNkMjcxMTJjYmE1Nzp7Il9hdXRoX3VzZXJfaWQiOiIyNyIsIl9hdXRoX3VzZXJfYmFja2VuZCI6ImRqYW5nby5jb250cmliLmF1dGguYmFja2VuZHMuTW9kZWxCYWNrZW5kIiwiX2F1dGhfdXNlcl9oYXNoIjoiMTRmNDdiYWIwYTE4MGJhZmEzODdiODllYTc5Njg3N2ZhYjUwYmI0MSJ9", "expire_date": "2020-08-21T12:51:46.176Z"}}, {"model": "sessions.session", "pk": "fq0otecv2dvbzuczsoh30mh09kd76z6q", "fields": {"session_data": "YWNmNzE1ZGE3ZDM1NWRhNmU4ZGJiMGFmNThjMjNkMjcxMTJjYmE1Nzp7Il9hdXRoX3VzZXJfaWQiOiIyNyIsIl9hdXRoX3VzZXJfYmFja2VuZCI6ImRqYW5nby5jb250cmliLmF1dGguYmFja2VuZHMuTW9kZWxCYWNrZW5kIiwiX2F1dGhfdXNlcl9oYXNoIjoiMTRmNDdiYWIwYTE4MGJhZmEzODdiODllYTc5Njg3N2ZhYjUwYmI0MSJ9", "expire_date": "2020-09-27T11:33:50.112Z"}}, {"model": "sessions.session", "pk": "hl7j9ddwqpacemj36o59z0w4hrkev1wb", "fields": {"session_data": "MmJjYzQ2ODllNWY5NzQ1ZWU0NDNlOGIwNjVhMmI2ZjA1NDZhMTQ3Yjp7Il9hdXRoX3VzZXJfaWQiOiIxIiwiX2F1dGhfdXNlcl9iYWNrZW5kIjoiZGphbmdvLmNvbnRyaWIuYXV0aC5iYWNrZW5kcy5Nb2RlbEJhY2tlbmQiLCJfYXV0aF91c2VyX2hhc2giOiJhYmQwNGQxODVhNDc2YTAxNWJhMjFmMTNkNWNlNDcxYTU0NTc2MzI2In0=", "expire_date": "2021-02-21T19:57:04.499Z"}}, {"model": "sessions.session", "pk": "ivchz3odkzxuutz0v51ue19b3mowqgvq", "fields": {"session_data": "MzAxM2M0NDM5Y2NhNThkMTQxZDRjMzY1MTUwMjlkNTQ2Mzk1ZDRjMjp7Il9hdXRoX3VzZXJfaWQiOiIzNCIsIl9hdXRoX3VzZXJfYmFja2VuZCI6ImRqYW5nby5jb250cmliLmF1dGguYmFja2VuZHMuTW9kZWxCYWNrZW5kIiwiX2F1dGhfdXNlcl9oYXNoIjoiNjI2YTRlYjQ2YTBkN2E3MGI0OWMxOTJiZDM3OGQ1MzE4OWY3ZjViOSJ9", "expire_date": "2020-12-12T21:09:32.572Z"}}, {"model": "sessions.session", "pk": "k9o42du21tlco8y9kh06dtzdkbgsgykm", "fields": {"session_data": "YWNmNzE1ZGE3ZDM1NWRhNmU4ZGJiMGFmNThjMjNkMjcxMTJjYmE1Nzp7Il9hdXRoX3VzZXJfaWQiOiIyNyIsIl9hdXRoX3VzZXJfYmFja2VuZCI6ImRqYW5nby5jb250cmliLmF1dGguYmFja2VuZHMuTW9kZWxCYWNrZW5kIiwiX2F1dGhfdXNlcl9oYXNoIjoiMTRmNDdiYWIwYTE4MGJhZmEzODdiODllYTc5Njg3N2ZhYjUwYmI0MSJ9", "expire_date": "2022-09-05T20:50:59.048Z"}}, {"model": "sessions.session", "pk": "lzlrmtwfdhykwns6m872sseauasjmrel", "fields": {"session_data": "ODUwYmVjMDM3ZjQwMWU4NGRhNzRmMjFlZGU4NDhmZGJiNzY3NWNlMTp7fQ==", "expire_date": "2020-08-04T17:42:10.580Z"}}, {"model": "sessions.session", "pk": "mvtssjfemghjfvi5kxa64i4e1i1stx40", "fields": {"session_data": "MmJjYzQ2ODllNWY5NzQ1ZWU0NDNlOGIwNjVhMmI2ZjA1NDZhMTQ3Yjp7Il9hdXRoX3VzZXJfaWQiOiIxIiwiX2F1dGhfdXNlcl9iYWNrZW5kIjoiZGphbmdvLmNvbnRyaWIuYXV0aC5iYWNrZW5kcy5Nb2RlbEJhY2tlbmQiLCJfYXV0aF91c2VyX2hhc2giOiJhYmQwNGQxODVhNDc2YTAxNWJhMjFmMTNkNWNlNDcxYTU0NTc2MzI2In0=", "expire_date": "2020-08-12T14:20:11.304Z"}}, {"model": "sessions.session", "pk": "p40ld593nt52kkid7mw7vkhrh80vwuu7", "fields": {"session_data": "MmJjYzQ2ODllNWY5NzQ1ZWU0NDNlOGIwNjVhMmI2ZjA1NDZhMTQ3Yjp7Il9hdXRoX3VzZXJfaWQiOiIxIiwiX2F1dGhfdXNlcl9iYWNrZW5kIjoiZGphbmdvLmNvbnRyaWIuYXV0aC5iYWNrZW5kcy5Nb2RlbEJhY2tlbmQiLCJfYXV0aF91c2VyX2hhc2giOiJhYmQwNGQxODVhNDc2YTAxNWJhMjFmMTNkNWNlNDcxYTU0NTc2MzI2In0=", "expire_date": "2020-10-06T11:09:31.322Z"}}, {"model": "sessions.session", "pk": "pn9udaegyzwtz36181ro9h6jm0ofvi21", "fields": {"session_data": "MmJjYzQ2ODllNWY5NzQ1ZWU0NDNlOGIwNjVhMmI2ZjA1NDZhMTQ3Yjp7Il9hdXRoX3VzZXJfaWQiOiIxIiwiX2F1dGhfdXNlcl9iYWNrZW5kIjoiZGphbmdvLmNvbnRyaWIuYXV0aC5iYWNrZW5kcy5Nb2RlbEJhY2tlbmQiLCJfYXV0aF91c2VyX2hhc2giOiJhYmQwNGQxODVhNDc2YTAxNWJhMjFmMTNkNWNlNDcxYTU0NTc2MzI2In0=", "expire_date": "2020-10-20T12:27:34.912Z"}}, {"model": "sessions.session", "pk": "wcm5v7qz5jgrmbobmbs36wk8p6dwwtl8", "fields": {"session_data": "MzQ0YjQ0NDc0NTg1NGU4YWMwNTcyYjE1ZDM5M2UyZWEyN2QzMmU5Njp7Il9hdXRoX3VzZXJfaWQiOiIxIiwiX2F1dGhfdXNlcl9iYWNrZW5kIjoiZGphbmdvLmNvbnRyaWIuYXV0aC5iYWNrZW5kcy5Nb2RlbEJhY2tlbmQiLCJfYXV0aF91c2VyX2hhc2giOiI4OTQzODczYTgyZTY3NmQ3ZDI5YWM3OGI2ZTAzMzQ0MTMzNmMzYzk3In0=", "expire_date": "2020-07-28T21:08:35.269Z"}}, {"model": "admin_interface.theme", "pk": 1, "fields": {"name": "Django", "active": false, "title": "Django administration", "title_color": "#F5DD5D", "title_visible": true, "logo": "", "logo_color": "#FFFFFF", "logo_visible": true, "favicon": "", "env_name": "", "env_color": "#E74C3C", "env_visible_in_header": true, "env_visible_in_favicon": true, "language_chooser_active": true, "language_chooser_display": "code", "css_header_background_color": "#0C4B33", "css_header_text_color": "#44B78B", "css_header_link_color": "#FFFFFF", "css_header_link_hover_color": "#C9F0DD", "css_module_background_color": "#44B78B", "css_module_text_color": "#FFFFFF", "css_module_link_color": "#FFFFFF", "css_module_link_hover_color": "#C9F0DD", "css_module_rounded_corners": true, "css_generic_link_color": "#0C3C26", "css_generic_link_hover_color": "#156641", "css_save_button_background_color": "#0C4B33", "css_save_button_background_hover_color": "#0C3C26", "css_save_button_text_color": "#FFFFFF", "css_delete_button_background_color": "#BA2121", "css_delete_button_background_hover_color": "#A41515", "css_delete_button_text_color": "#FFFFFF", "css": "", "related_modal_active": true, "related_modal_background_color": "#000000", "related_modal_background_opacity": "0.3", "related_modal_rounded_corners": true, "related_modal_close_button_visible": true, "list_filter_dropdown": false, "recent_actions_visible": true}}, {"model": "admin_interface.theme", "pk": 2, "fields": {"name": "Soma Electronic", "active": false, "title": "Administration de Soma Electronic", "title_color": "#FFFFFF", "title_visible": true, "logo": "admin-interface/logo/logo.png", "logo_color": "#FFFFFF", "logo_visible": true, "favicon": "admin-interface/favicon/logo.png", "env_name": "Soma Electronic", "env_color": "#3498DB", "env_visible_in_header": true, "env_visible_in_favicon": true, "language_chooser_active": true, "language_chooser_display": "code", "css_header_background_color": "#44B78B", "css_header_text_color": "#FFFFFF", "css_header_link_color": "#FFFFFF", "css_header_link_hover_color": "#C9F0DD", "css_module_background_color": "#44B78B", "css_module_text_color": "#FFFFFF", "css_module_link_color": "#FFFFFF", "css_module_link_hover_color": "#C9F0DD", "css_module_rounded_corners": true, "css_generic_link_color": "#0C3C26", "css_generic_link_hover_color": "#156641", "css_save_button_background_color": "#0C4B33", "css_save_button_background_hover_color": "#0C3C26", "css_save_button_text_color": "#FFFFFF", "css_delete_button_background_color": "#BA2121", "css_delete_button_background_hover_color": "#A41515", "css_delete_button_text_color": "#FFFFFF", "css": "", "related_modal_active": true, "related_modal_background_color": "#000000", "related_modal_background_opacity": "0.3", "related_modal_rounded_corners": true, "related_modal_close_button_visible": true, "list_filter_dropdown": true, "recent_actions_visible": true}}, {"model": "admin_interface.theme", "pk": 3, "fields": {"name": "Bootstrap", "active": false, "title": "Soma Electronic Admin", "title_color": "#503873", "title_visible": false, "logo": "admin-interface/logo/logo_kFp3Up0.png", "logo_color": "#503873", "logo_visible": true, "favicon": "admin-interface/favicon/logo_7PzLAD6.png", "env_name": "", "env_color": "#E74C3C", "env_visible_in_header": true, "env_visible_in_favicon": true, "language_chooser_active": true, "language_chooser_display": "code", "css_header_background_color": "#FFFFFF", "css_header_text_color": "#463265", "css_header_link_color": "#463265", "css_header_link_hover_color": "#7351A6", "css_module_background_color": "#7351A6", "css_module_text_color": "#FFFFFF", "css_module_link_color": "#CDBFE3", "css_module_link_hover_color": "#FFFFFF", "css_module_rounded_corners": true, "css_generic_link_color": "#463265", "css_generic_link_hover_color": "#7351A6", "css_save_button_background_color": "#5CB85C", "css_save_button_background_hover_color": "#449D44", "css_save_button_text_color": "#FFFFFF", "css_delete_button_background_color": "#D9534F", "css_delete_button_background_hover_color": "#C9302C", "css_delete_button_text_color": "#FFFFFF", "css": "", "related_modal_active": true, "related_modal_background_color": "#503873", "related_modal_background_opacity": "0.2", "related_modal_rounded_corners": true, "related_modal_close_button_visible": true, "list_filter_dropdown": false, "recent_actions_visible": true}}, {"model": "admin_interface.theme", "pk": 4, "fields": {"name": "USWDS", "active": false, "title": "Soma Electronic Admin", "title_color": "#FFFFFF", "title_visible": false, "logo": "admin-interface/logo/logo_fqmJx3a.png", "logo_color": "#FFFFFF", "logo_visible": true, "favicon": "admin-interface/favicon/logo_QiyA4P4.png", "env_name": "", "env_color": "#E74C3C", "env_visible_in_header": true, "env_visible_in_favicon": true, "language_chooser_active": true, "language_chooser_display": "code", "css_header_background_color": "#112E51", "css_header_text_color": "#FFFFFF", "css_header_link_color": "#FFFFFF", "css_header_link_hover_color": "#E1F3F8", "css_module_background_color": "#205493", "css_module_text_color": "#FFFFFF", "css_module_link_color": "#FFFFFF", "css_module_link_hover_color": "#E1F3F8", "css_module_rounded_corners": true, "css_generic_link_color": "#205493", "css_generic_link_hover_color": "#0071BC", "css_save_button_background_color": "#205493", "css_save_button_background_hover_color": "#112E51", "css_save_button_text_color": "#FFFFFF", "css_delete_button_background_color": "#CD2026", "css_delete_button_background_hover_color": "#981B1E", "css_delete_button_text_color": "#FFFFFF", "css": "", "related_modal_active": true, "related_modal_background_color": "#000000", "related_modal_background_opacity": "0.8", "related_modal_rounded_corners": true, "related_modal_close_button_visible": true, "list_filter_dropdown": true, "recent_actions_visible": true}}, {"model": "admin_interface.theme", "pk": 5, "fields": {"name": "Foundation", "active": true, "title": "Soma Electronic Admin", "title_color": "#DDDDDD", "title_visible": true, "logo": "admin-interface/logo/logo_aeo88hU.png", "logo_color": "#CCCCCC", "logo_visible": true, "favicon": "admin-interface/favicon/logo_Rdeyqpf.png", "env_name": "", "env_color": "#E74C3C", "env_visible_in_header": true, "env_visible_in_favicon": true, "language_chooser_active": true, "language_chooser_display": "code", "css_header_background_color": "#2C3840", "css_header_text_color": "#FFFFFF", "css_header_link_color": "#FFFFFF", "css_header_link_hover_color": "#DDDDDD", "css_module_background_color": "#074E68", "css_module_text_color": "#FFFFFF", "css_module_link_color": "#FFFFFF", "css_module_link_hover_color": "#DDDDDD", "css_module_rounded_corners": true, "css_generic_link_color": "#000000", "css_generic_link_hover_color": "#074E68", "css_save_button_background_color": "#2199E8", "css_save_button_background_hover_color": "#1585CF", "css_save_button_text_color": "#FFFFFF", "css_delete_button_background_color": "#CC4B37", "css_delete_button_background_hover_color": "#BF4634", "css_delete_button_text_color": "#FFFFFF", "css": "", "related_modal_active": true, "related_modal_background_color": "#000000", "related_modal_background_opacity": "0.2", "related_modal_rounded_corners": true, "related_modal_close_button_visible": true, "list_filter_dropdown": true, "recent_actions_visible": true}}, {"model": "boutique.souscategorie", "pk": 1, "fields": {"nom": "Apple", "date_de_creation": "2020-07-14"}}, {"model": "boutique.souscategorie", "pk": 2, "fields": {"nom": "Samsung", "date_de_creation": "2020-07-14"}}, {"model": "boutique.souscategorie", "pk": 3, "fields": {"nom": "Toshiba", "date_de_creation": "2020-07-14"}}, {"model": "boutique.souscategorie", "pk": 4, "fields": {"nom": "Nokia", "date_de_creation": "2020-07-14"}}, {"model": "boutique.souscategorie", "pk": 5, "fields": {"nom": "Huawei", "date_de_creation": "2020-07-14"}}, {"model": "boutique.souscategorie", "pk": 6, "fields": {"nom": "Sony", "date_de_creation": "2020-07-14"}}, {"model": "boutique.souscategorie", "pk": 7, "fields": {"nom": "Asus", "date_de_creation": "2020-07-15"}}, {"model": "boutique.souscategorie", "pk": 8, "fields": {"nom": "HP", "date_de_creation": "2020-07-15"}}, {"model": "boutique.categorie", "pk": 1, "fields": {"nom": "Ordinateurs", "date_de_creation": "2020-07-14", "souscategorie": [1, 7, 8, 5, 3]}}, {"model": "boutique.categorie", "pk": 2, "fields": {"nom": "Smartphone", "date_de_creation": "2020-07-14", "souscategorie": [1, 7, 5, 4, 2, 6]}}, {"model": "boutique.categorie", "pk": 3, "fields": {"nom": "Tablette", "date_de_creation": "2020-07-15", "souscategorie": [1, 5, 2]}}, {"model": "boutique.categorie", "pk": 4, "fields": {"nom": "Smart Watch", "date_de_creation": "2020-07-17", "souscategorie": [1, 2]}}, {"model": "boutique.categorie", "pk": 5, "fields": {"nom": "Console", "date_de_creation": "2020-07-28", "souscategorie": [2, 6]}}, {"model": "boutique.media", "pk": 2, "fields": {"nom": "iphone 11", "sous_categorie": 1, "image": "2-apple_iphone-11-64gb-black_8303479_1.jpg"}}, {"model": "boutique.media", "pk": 3, "fields": {"nom": "iphone 11", "sous_categorie": 1, "image": "3-test-iphone-11-pro-performances-665x575.jpg"}}, {"model": "boutique.media", "pk": 4, "fields": {"nom": "iphone 11", "sous_categorie": 1, "image": "4-750x750.51003315_2.jpg"}}, {"model": "boutique.media", "pk": 5, "fields": {"nom": "iphone 11", "sous_categorie": 1, "image": "5-750x750.51003315_4.jpg"}}, {"model": "boutique.media", "pk": 6, "fields": {"nom": "iphone 11", "sous_categorie": 1, "image": "6-7798353756_l-iphone-11-pro-est-disponible-a-partir-de-1159-euros.jpg"}}, {"model": "boutique.media", "pk": 7, "fields": {"nom": "iPhone 11 Pro Max 256", "sous_categorie": 1, "image": "7-mg-110ae1a4-d239-47f6-b243-w1000h578-sc.jpg"}}, {"model": "boutique.media", "pk": 8, "fields": {"nom": "iPhone 11 Pro Max 256", "sous_categorie": 1, "image": "8-59994714e61b6979cc5267c5a9507.jpg"}}, {"model": "boutique.media", "pk": 9, "fields": {"nom": "iPhone 11 Pro Max 256", "sous_categorie": 1, "image": "9-https___s3-ap-northeast.jpg"}}, {"model": "boutique.media", "pk": 10, "fields": {"nom": "MacBookProTouchBar16", "sous_categorie": 1, "image": "10-884795d1db8dae3aa27d784bd84b4.jpg"}}, {"model": "boutique.media", "pk": 11, "fields": {"nom": "MacBookProTouchBar16", "sous_categorie": 1, "image": "11-og__dzxv66kzhr0i.png"}}, {"model": "boutique.media", "pk": 12, "fields": {"nom": "MacBook Pro Touch Bar 16", "sous_categorie": 1, "image": "12-a20f18e2b0e3b48982af2b0968863.jpg"}}, {"model": "boutique.media", "pk": 13, "fields": {"nom": "Watch Series 3 Gris sid\u00e9ral", "sous_categorie": 1, "image": "13-Test-de-l-Apple.jpg"}}, {"model": "boutique.media", "pk": 14, "fields": {"nom": "Apple Watch Series 3", "sous_categorie": 1, "image": "14-watchos6-series4-audiobooks-podcasts-music-hero.jpg"}}, {"model": "boutique.media", "pk": 15, "fields": {"nom": "Apple Watch Series 3", "sous_categorie": 1, "image": "15-apple-watch-series-5-hero_6259730.jpg"}}, {"model": "boutique.media", "pk": 16, "fields": {"nom": "Garmin Vivoactive 3", "sous_categorie": 2, "image": "16-images.jfif"}}, {"model": "boutique.media", "pk": 17, "fields": {"nom": "Garmin Vivoactive 3", "sous_categorie": 2, "image": "17-garmin-vivoactive-3-4.jpg"}}, {"model": "boutique.media", "pk": 18, "fields": {"nom": "Garmin Vivoactive 3", "sous_categorie": 2, "image": "18-DSC01009.jpg"}}, {"model": "boutique.media", "pk": 19, "fields": {"nom": "Toshiba", "sous_categorie": 3, "image": "19-41KNNu0PoJL._AC_.jpg"}}, {"model": "boutique.media", "pk": 20, "fields": {"nom": "ps4", "sous_categorie": 6, "image": "20-Console-Sony-PS4-Pro-1-To-Blanc.jpg"}}, {"model": "boutique.media", "pk": 21, "fields": {"nom": "ps4", "sous_categorie": 6, "image": "21-Red-Dead-Redemption-2-PS4.jpg"}}, {"model": "boutique.media", "pk": 22, "fields": {"nom": "Apple", "sous_categorie": 1, "image": "22-apple-ipad-pro-2020-frandroid-dsc00585-scaled.jpg"}}, {"model": "boutique.produit", "pk": 1, "fields": {"nom": "Iphone X", "description": "<p><strong>L&#39;iPhone X</strong> fait parti de la onzi&egrave;me it&eacute;ration du c&eacute;l&egrave;bre smartphone d&#39;Apple. Il int&egrave;gre un SoC Apple A11 Bionic grav&eacute; en <strong>10 nm</strong>. Il dispose d&#39;un &eacute;cran borderless de <strong>5,8 pouces </strong>et d&#39;un capteur facial pour d&eacute;verrouiller le smartphone.</p>", "disponible": true, "image": "images/melvin-thambi-VEVigpVmCRI-unsplash.jpg", "picture": "", "quantite": 2, "premier_prix": 600000.0, "prix": 450000.0, "taux_reduction": 0.0, "promotion": true, "etoile": 62, "date_de_creation": "2020-07-14", "slug": "iphone-x", "categorie": 2, "sous_categorie": 1, "media": []}}, {"model": "boutique.produit", "pk": 2, "fields": {"nom": "Galaxy S20+", "description": "Capacit\u00e9 de stockage\t--- 128 Go\r\nTaille de l'\u00e9cran  --\t6,7 \"\r\nSyst\u00e8me d'exploitation -- Android\r\nCouleur -- Violet", "disponible": true, "image": "images/Smartphone-Samsung-Galaxy-S20-.jpg", "picture": "", "quantite": 1, "premier_prix": 700000.0, "prix": 450000.0, "taux_reduction": 0.0, "promotion": false, "etoile": 19, "date_de_creation": "2020-07-14", "slug": "galaxy-s20", "categorie": 2, "sous_categorie": 2, "media": []}}, {"model": "boutique.produit", "pk": 3, "fields": {"nom": "Sony Xperia 10", "description": "<p>Smartphone Sony <strong>Xperia 10</strong> II 6&quot; <strong>128 Go</strong> Double SIM Blanc. Ce que vous attendez d&rsquo;un smartphone, en mieux Un affichage et des prises de vue incroyables dans un design &agrave; la fois solide et &eacute;l&eacute;gant. Quel que soit l&rsquo;usage de votre smartphone, optimisez votre exp&eacute;rience avec le Xperia 10 II. capturez des images et visionnez votre contenu quel que soit le temps Avec son indice de r&eacute;sistance &agrave; l&#39;eau IP65/68, son &eacute;cran en verre Corning&reg; Gorilla&reg; Glass 6 robuste et sa batterie longue dur&eacute;e.&nbsp;\ud83c\udfae</p>", "disponible": true, "image": "images/shuvro-mojumder-d2Zc6G6y5H4-unsplash.jpg", "picture": "", "quantite": 3, "premier_prix": 500000.0, "prix": 250000.0, "taux_reduction": 0.0, "promotion": true, "etoile": 22, "date_de_creation": "2020-07-14", "slug": "sony-xperia-10", "categorie": 2, "sous_categorie": 6, "media": []}}, {"model": "boutique.produit", "pk": 5, "fields": {"nom": "Asus Zenbook 15", "description": "Taille de l'\u00e9cran\t15,6 \"\r\nProcesseur\tIntel Core i7\r\nRAM install\u00e9e\t16 Go\r\nCapacit\u00e9 de stockage\t512 Go", "disponible": true, "image": "images/PC-Portable-Asus-UX534FT-A8194T-15-6-Intel-Core-i7-16-Go-RAM-512-Go-D-Bleu-royal.jpg", "picture": "", "quantite": 4, "premier_prix": 1000000.0, "prix": 800000.0, "taux_reduction": 0.0, "promotion": false, "etoile": 13, "date_de_creation": "2020-07-15", "slug": "asus-zenbook-15", "categorie": 1, "sous_categorie": 7, "media": []}}, {"model": "boutique.produit", "pk": 6, "fields": {"nom": "HP Gaming Pavilion 17", "description": "Taille de l'\u00e9cran\t17,3 \"\r\nProcesseur\tIntel Core i7\r\nRAM install\u00e9e\t16 Go\r\nCapacit\u00e9 de stockage\t512 Go\r\n\r\nD\u00e9couvrez la puissance et les performances r\u00e9actives qui stimulent votre productivit\u00e9. Profitez d\u2019un divertissement et d\u2019un jeu immersifs, diffusez et cr\u00e9ez du contenu avec des performances acc\u00e9l\u00e9r\u00e9es. \u00c9cran FHD IPS\r\nProfitez d\u2019images extr\u00eamement nettes, quel que soit l\u2019angle de vision. Avec un grand angle de vision de 178\u00b0 et une r\u00e9solution dynamique de 1 920 x 1 080", "disponible": true, "image": "images/PC-Portable-Gaming-HP-Pavilion-17-cd1083nf-17-3-Intel-Core-i7-16-Go-RAM-512-Go-D-_M7hf3Pf.jpg", "picture": "", "quantite": 1, "premier_prix": 700000.0, "prix": 650000.0, "taux_reduction": 0.0, "promotion": false, "etoile": 4, "date_de_creation": "2020-07-15", "slug": "hp-gaming-pavilion-17", "categorie": 1, "sous_categorie": 8, "media": []}}, {"model": "boutique.produit", "pk": 7, "fields": {"nom": "Gaming Asus ROG", "description": "15,6 \"\r\nProcesseur\tIntel Core i7\r\nRAM install\u00e9e\t16 Go\r\nCapacit\u00e9 de stockage\t1 To", "disponible": true, "image": "images/PC-pm.jpg", "picture": "", "quantite": 2, "premier_prix": 700000.0, "prix": 650000.0, "taux_reduction": 0.0, "promotion": false, "etoile": 17, "date_de_creation": "2020-07-16", "slug": "gaming-asus-rog", "categorie": 1, "sous_categorie": 7, "media": []}}, {"model": "boutique.produit", "pk": 8, "fields": {"nom": "Macbook Air 13.3", "description": "Taille de l'\u00e9cran\t13,3 \"\r\nProcesseur\tIntel Core i5\r\nRAM install\u00e9e\t8 Go\r\nCapacit\u00e9 de stockage\t256 Go", "disponible": true, "image": "images/Apple-Macbook-Air-13-3-LED-256-GO-D-8-GO-RAM-Intel-Core-I5.jpg", "picture": "", "quantite": 1, "premier_prix": 870000.0, "prix": 740000.0, "taux_reduction": 0.0, "promotion": false, "etoile": 32, "date_de_creation": "2020-07-16", "slug": "macbook-air-133", "categorie": 1, "sous_categorie": 1, "media": [10, 11]}}, {"model": "boutique.produit", "pk": 9, "fields": {"nom": "Asus VivoBook S15", "description": "Taille de l'\u00e9cran\t15,6 \"\r\nProcesseur\tIntel Core i7\r\nRAM install\u00e9e\t8 Go\r\nCapacit\u00e9 de stockage\t512 Go", "disponible": true, "image": "images/1540-1.jpg", "picture": "", "quantite": 1, "premier_prix": 750000.0, "prix": 550000.0, "taux_reduction": 10.0, "promotion": false, "etoile": 2, "date_de_creation": "2020-07-16", "slug": "asus-vivobook-s15", "categorie": 1, "sous_categorie": 7, "media": []}}, {"model": "boutique.produit", "pk": 10, "fields": {"nom": "HP OMEN 15", "description": "Taille de l'\u00e9cran\t15,6 \"\r\nProcesseur\tIntel Core i7\r\nRAM install\u00e9e\t16 Go\r\nCapacit\u00e9 de stockage\t1 To", "disponible": true, "image": "images/PC-Portable-HP-OMEN-15-dh1050nf-15-6-Intel.jpg", "picture": "", "quantite": 1, "premier_prix": 500000.0, "prix": 400000.0, "taux_reduction": 0.0, "promotion": false, "etoile": 8, "date_de_creation": "2020-07-16", "slug": "hp-omen-15", "categorie": 1, "sous_categorie": 8, "media": []}}, {"model": "boutique.produit", "pk": 11, "fields": {"nom": "Huawei MateBook D 14", "description": "Taille de l'\u00e9cran\t14 \"\r\nProcesseur\tAMD Ryzen 5\r\nRAM install\u00e9e\t8 Go\r\nCapacit\u00e9 de stockage\t512 Go", "disponible": true, "image": "images/PC-Ultra-Portable-Huawei-MateBook-D-14-14-AMD-.jpg", "picture": "", "quantite": 3, "premier_prix": 690000.0, "prix": 600000.0, "taux_reduction": 0.0, "promotion": false, "etoile": 15, "date_de_creation": "2020-07-16", "slug": "huawei-matebook-d-14", "categorie": 1, "sous_categorie": 5, "media": []}}, {"model": "boutique.produit", "pk": 12, "fields": {"nom": "Asus UX581GV-H2038R", "description": "Taille de l'\u00e9cran\t15,6 \"\r\nProcesseur\tIntel Core i7\r\nRAM install\u00e9e\t16 Go\r\nCapacit\u00e9 de stockage\t1 To", "disponible": true, "image": "images/PC-Ultra-Portable-As.jpg", "picture": "", "quantite": 1, "premier_prix": 680000.0, "prix": 600000.0, "taux_reduction": 0.0, "promotion": false, "etoile": 2, "date_de_creation": "2020-07-16", "slug": "asus-ux581gv-h2038r", "categorie": 1, "sous_categorie": 7, "media": []}}, {"model": "boutique.produit", "pk": 13, "fields": {"nom": "Pack PC Ultra-Portable HP 14s", "description": "Taille de l'\u00e9cran\t14 \"\r\nProcesseur\tIntel Core i3\r\nRAM install\u00e9e\t8 Go", "disponible": true, "image": "images/Pack-PC-Ultra-Portable-HP-14s-dq1009nf-14-Intel-Core-i3-8-Go-RAM-256-Go-D-Gris-So_2XbHMzC.jpg", "picture": "", "quantite": 1, "premier_prix": 650000.0, "prix": 600000.0, "taux_reduction": 0.0, "promotion": false, "etoile": 8, "date_de_creation": "2020-07-16", "slug": "pack-pc-ultra-portable-hp-14s", "categorie": 1, "sous_categorie": 8, "media": []}}, {"model": "boutique.produit", "pk": 14, "fields": {"nom": "iPhone 11 Pro Max 64 Go 6.5", "description": "Capacit\u00e9 de stockage\t64 Go\r\nTaille de l'\u00e9cran\t6,5 \"\r\nSyst\u00e8me d'exploitation\tiOS\r\nCouleur\tOr", "disponible": true, "image": "images/Apple-iPhone-11-Pro-Max-64-Go-6-5-Or.jpg", "picture": "", "quantite": 1, "premier_prix": 1200000.0, "prix": 1000000.0, "taux_reduction": 0.0, "promotion": false, "etoile": 4, "date_de_creation": "2020-07-16", "slug": "iphone-11-pro-max-64-go-65", "categorie": 2, "sous_categorie": 1, "media": []}}, {"model": "boutique.produit", "pk": 15, "fields": {"nom": "Huawei P20 Pro", "description": "Capacit\u00e9 de stockage\t128 Go Couleur\tNoir;\r\nCONCU AVEC LeicaLA RENAISSANCE DE LA PHOTOGRAPHIE EST EN MARCHETriple capteur photo con\u00e7u avec LeicaTriple capteur photo con\u00e7u avec Leicade 40MP + 20MP + 8MP, pour des photos parfaites, m\u00eame en basse lumi\u00e8reProcesseur dot\u00e9 d'Intelligence ArtificielleProcesseur Kirin 970 octo-coeur dot\u00e9 d'Intelligence Artificielle, pour un t\u00e9l\u00e9phone qui reste rapideZoom hybride x5Zoom Hybride x5. Captez le moindre d\u00e9tail, m\u00eame \u00e0 distanceEcran FullView FHD.", "disponible": true, "image": "images/Smartphone-Huawei-P20-Pro-128-Go-Noir.jpg", "picture": "", "quantite": 1, "premier_prix": 200000.0, "prix": 150000.0, "taux_reduction": 0.0, "promotion": false, "etoile": 9, "date_de_creation": "2020-07-16", "slug": "huawei-p20-pro", "categorie": 2, "sous_categorie": 5, "media": []}}, {"model": "boutique.produit", "pk": 16, "fields": {"nom": "Huawei P30", "description": "Capacit\u00e9 de stockage\t128 Go\r\nTaille de l'\u00e9cran\t6,1 \"\r\nSyst\u00e8me d'exploitation\tAndroid\r\nCouleur\tNoir", "disponible": true, "image": "images/Smartphone-Huawei-P30-Double-SIM-128-Go-Noir.jpg", "picture": "", "quantite": 2, "premier_prix": 350000.0, "prix": 250000.0, "taux_reduction": 0.0, "promotion": false, "etoile": 5, "date_de_creation": "2020-07-16", "slug": "huawei-p30", "categorie": 2, "sous_categorie": 5, "media": []}}, {"model": "boutique.produit", "pk": 17, "fields": {"nom": "Huawei P30 Pro 6.47", "description": "Capacit\u00e9 de stockage\t256 Go\r\nTaille de l'\u00e9cran\t6,47 \"\r\nSyst\u00e8me d'exploitation\tAndroid\r\nCouleur\tSilver frost", "disponible": true, "image": "images/Smartphone-Huawei-P30-Pro-6-47-256-Go.jpg", "picture": "", "quantite": 2, "premier_prix": 450000.0, "prix": 330000.0, "taux_reduction": 0.0, "promotion": false, "etoile": 6, "date_de_creation": "2020-07-16", "slug": "huawei-p30-pro-647", "categorie": 2, "sous_categorie": 5, "media": []}}, {"model": "boutique.produit", "pk": 18, "fields": {"nom": "Huawei MateBook D 15", "description": "Processeur\tAMD Ryzen 5\r\nRAM install\u00e9e\t8 Go\r\nCapacit\u00e9 de stockage\t256 Go", "disponible": true, "image": "images/PC-Portable.jpg", "picture": "", "quantite": 1, "premier_prix": 560000.0, "prix": 500000.0, "taux_reduction": 0.0, "promotion": false, "etoile": 11, "date_de_creation": "2020-07-16", "slug": "huawei-matebook-d-15", "categorie": 1, "sous_categorie": 5, "media": []}}, {"model": "boutique.produit", "pk": 19, "fields": {"nom": "Huawei MateBook X Pro", "description": "Taille de l'\u00e9cran\t13,9 \"\r\nProcesseur\tIntel Core i5\r\nRAM install\u00e9e\t16 Go\r\nCapacit\u00e9 de stockage\t512 Go", "disponible": true, "image": "images/PC-Ultra-Portable-Huawei-MateBook.jpg", "picture": "", "quantite": 4, "premier_prix": 600000.0, "prix": 500000.0, "taux_reduction": 0.0, "promotion": false, "etoile": 5, "date_de_creation": "2020-07-16", "slug": "huawei-matebook-x-pro", "categorie": 1, "sous_categorie": 5, "media": []}}, {"model": "boutique.produit", "pk": 20, "fields": {"nom": "Samsung Galaxy S10", "description": "Capacit\u00e9 de stockage\t128 Go\r\nTaille de l'\u00e9cran\t6,1 \"\r\nCouleur\tNoir Prisme", "disponible": true, "image": "images/Smartphone-Samsung-Galaxy-S10-Double-SIM-128-Go-Noir-Prisme.jpg", "picture": "", "quantite": 1, "premier_prix": 630000.0, "prix": 400000.0, "taux_reduction": 0.0, "promotion": false, "etoile": 9, "date_de_creation": "2020-07-16", "slug": "samsung-galaxy-s10", "categorie": 2, "sous_categorie": 2, "media": []}}, {"model": "boutique.produit", "pk": 21, "fields": {"nom": "Galaxy S20 Ultra 5G", "description": "Capacit\u00e9 de stockage\t128 Go\r\nTaille de l'\u00e9cran\t6,9 \"\r\nSyst\u00e8me d'exploitation\tAndroid\r\nCouleur\tNoir", "disponible": true, "image": "images/Smartphone-Samsung-Galaxy-S20-Ultra-5G-Double-SIM-128-Go-Noir.jpg", "picture": "", "quantite": 1, "premier_prix": 500000.0, "prix": 360000.0, "taux_reduction": 1.0, "promotion": false, "etoile": 7, "date_de_creation": "2020-07-16", "slug": "galaxy-s20-ultra-5g", "categorie": 2, "sous_categorie": 2, "media": []}}, {"model": "boutique.produit", "pk": 22, "fields": {"nom": "MacBook Pro Touch Bar 16", "description": "<table border=\"1\" cellpadding=\"1\" cellspacing=\"1\" style=\"width:350px\">\r\n\t<tbody>\r\n\t\t<tr>\r\n\t\t\t<td>Taille de l&#39;&eacute;cran</td>\r\n\t\t\t<td>16 &quot;</td>\r\n\t\t</tr>\r\n\t\t<tr>\r\n\t\t\t<td>Processeur&nbsp;Intel Core</td>\r\n\t\t\t<td>i9</td>\r\n\t\t</tr>\r\n\t\t<tr>\r\n\t\t\t<td>RAM install&eacute;e</td>\r\n\t\t\t<td>64 Go</td>\r\n\t\t</tr>\r\n\t\t<tr>\r\n\t\t\t<td>Capacit&eacute; de stockage</td>\r\n\t\t\t<td>1 To</td>\r\n\t\t</tr>\r\n\t</tbody>\r\n</table>\r\n\r\n<p>&nbsp;</p>", "disponible": true, "image": "images/laptop-3174729_1280.jpg", "picture": "https://unsplash.com/photos/cESDoXmVTKg", "quantite": 1, "premier_prix": 1400000.0, "prix": 900000.0, "taux_reduction": 1.0, "promotion": true, "etoile": 83, "date_de_creation": "2020-07-16", "slug": "macbook-pro-touch-bar-16", "categorie": 1, "sous_categorie": 1, "media": []}}, {"model": "boutique.produit", "pk": 23, "fields": {"nom": "iPhone 11 Pro Max 256", "description": "Capacit\u00e9 de stockage\t256 Go\r\nTaille de l'\u00e9cran\t6,5 \"\r\nSyst\u00e8me d'exploitation\tiOS\r\nCouleur\tVert Nuit", "disponible": true, "image": "images/Apple-iPhone-11-Pro-Max-256-Go-6-5-Vert-nuit.jpg", "picture": "", "quantite": 2, "premier_prix": 900000.0, "prix": 700000.0, "taux_reduction": 0.0, "promotion": false, "etoile": 58, "date_de_creation": "2020-07-17", "slug": "iphone-11-pro-max-256", "categorie": 2, "sous_categorie": 1, "media": [7, 8, 9]}}, {"model": "boutique.produit", "pk": 24, "fields": {"nom": "Apple Watch Series 3", "description": "Taille bracelet\t38 mm;\r\nBo\u00eetier aluminium argent, GPS, GLONASS, Galileo et QZSS int\u00e9gr\u00e9s, Capacit\u00e9 de 8 Go, Dos en composite, Wi\u2011Fi (802.11b/g/n 2,4 GHz), Bluetooth 4.2, watchOS 5", "disponible": true, "image": "images/Apple-Watch-.jpg", "picture": "", "quantite": 1, "premier_prix": 230000.0, "prix": 200000.0, "taux_reduction": 0.0, "promotion": false, "etoile": 36, "date_de_creation": "2020-07-17", "slug": "apple-watch-series-3", "categorie": 4, "sous_categorie": 1, "media": [13, 14, 15]}}, {"model": "boutique.produit", "pk": 25, "fields": {"nom": "Garmin Vivoactive 3", "description": "Taille bracelet\t127-204 mm\r\nPodom\u00e8tre\tOui\r\nCouleur\tGrise avec Bracelet Noir", "disponible": true, "image": "images/Montre-connectee-de-sport-Garmin-Vivoactive-3-a.jpg", "picture": "", "quantite": 0, "premier_prix": 300000.0, "prix": 150000.0, "taux_reduction": 0.0, "promotion": false, "etoile": 14, "date_de_creation": "2020-07-17", "slug": "garmin-vivoactive-3", "categorie": 4, "sous_categorie": 2, "media": [16, 17, 18]}}, {"model": "boutique.produit", "pk": 26, "fields": {"nom": "Watch Series 3 Gris sid\u00e9ral", "description": "<p>Hauteur du produit 1,14 cm Largeur du produit 3,33 cm Longueur du produit 3,86 cm Poids du produit 26,7 g Indice DAS Tronc 0,14 W/Kg Produit hors norme Non Indice DAS membre en W/Kg 0,15 W/K</p>", "disponible": true, "image": "images/Apple-Watch-Series-3.jpg", "picture": "", "quantite": 1, "premier_prix": 240000.0, "prix": 180000.0, "taux_reduction": 0.0, "promotion": false, "etoile": 26, "date_de_creation": "2020-07-17", "slug": "watch-series-3-gris-sideral", "categorie": 4, "sous_categorie": 1, "media": [13, 14, 15]}}, {"model": "boutique.produit", "pk": 27, "fields": {"nom": "Galaxy Watch Active2 4G", "description": "5 ATM (\u00c9tanche jusqu\u2019\u00e0 50 m) selon la norme ISO Standard 22810:2010\r\n\r\nCompatibilit\u00e9 appareil\r\nSmartphone Android 5.0 et versions ult\u00e9rieures avec 1,5 Go de RAM, Galaxy S6,S6 edge / S6 edge +; Galaxy A et J 2016, S7 / S7 edge; Galaxy A et J 2017, S8 / S8+, Note8; Galaxy A et J 2018, S9 / S9+, Note9; Galaxy S10e, S10 & S10+, Da Vinci; iPhone5 et ult., iOS 9.0 et versions ult\u00e9rieures", "disponible": true, "image": "images/Montre-connectee-Samsung-Galaxy-Watch-Active2-4G-.jpg", "picture": "", "quantite": 3, "premier_prix": 320000.0, "prix": 210000.0, "taux_reduction": 0.0, "promotion": false, "etoile": 9, "date_de_creation": "2020-07-17", "slug": "galaxy-watch-active2-4g", "categorie": 4, "sous_categorie": 2, "media": []}}, {"model": "boutique.produit", "pk": 28, "fields": {"nom": "Samsung Galaxy Watch 42 Carbone", "description": "Podom\u00e8tre\tOui\r\nEntr\u00e9e(s) informatique\t1 USB Type C\r\nCouleur\tNoir Carbone", "disponible": true, "image": "images/Montre-connectee-Bluetooth.jpg", "picture": "", "quantite": 1, "premier_prix": 360000.0, "prix": 200000.0, "taux_reduction": 0.0, "promotion": false, "etoile": 5, "date_de_creation": "2020-07-17", "slug": "samsung-galaxy-watch-42-carbone", "categorie": 4, "sous_categorie": 2, "media": []}}, {"model": "boutique.produit", "pk": 29, "fields": {"nom": "Apple Watch Aluminium Argent", "description": "Caract\u00e9ristiques \u00e9tanch\u00e9it\u00e9\r\n\u00c9tanche jusqu\u2019\u00e0 50 m\u00e8tres\r\n\r\nAvantages produits\r\nProcesseur bic\u0153ur, Puce sans fil W2 Apple\r\n\r\nAutonomie de fonctionnement\r\n18 Heures\r\n\r\nFonctions\r\nCapteur optique de fr\u00e9quence cardiaque, Altim\u00e8tre barom\u00e9trique, Acc\u00e9l\u00e9rom\u00e8tre et gyroscope\r\n\r\nDisponibilit\u00e9 des pi\u00e8ces d\u00e9tach\u00e9es\r\n5 ANS\r\n\r\nTaille bracelet\r\n38 mm\r\n\r\nCaract\u00e9ristiques de l'\u00e9cran\r\nVerre renforc\u00e9 Ion\u2011X", "disponible": true, "image": "images/Apple-Watch-Series-3-plus.jpg", "picture": "", "quantite": 4, "premier_prix": 410000.0, "prix": 300000.0, "taux_reduction": 0.0, "promotion": false, "etoile": 10, "date_de_creation": "2020-07-17", "slug": "apple-watch-aluminium-argent", "categorie": 4, "sous_categorie": 1, "media": []}}, {"model": "boutique.produit", "pk": 30, "fields": {"nom": "Pack Tablette Samsung Galaxy Tab S5e", "description": "Taille de l'\u00e9cran\t10,5 \"\r\nProcesseur\tOctoc\u0153ur\r\nSyst\u00e8me d'exploitation\tAndroid Pie 9.0", "disponible": true, "image": "images/Pack-Tablette-Samsung-Galaxy-Tab-S5e-10-5-128-Go-WiFi-Noir-Etui-folio-avec-clavier-Noir_1.jpg", "picture": "", "quantite": 3, "premier_prix": 372722.53, "prix": 257861.97, "taux_reduction": 0.0, "promotion": false, "etoile": 3, "date_de_creation": "2020-07-17", "slug": "pack-tablette-samsung-galaxy-tab-s5e", "categorie": 3, "sous_categorie": 2, "media": []}}, {"model": "boutique.produit", "pk": 31, "fields": {"nom": "Samsung Galaxy Tab A 10", "description": "Taille de l'\u00e9cran\t10,1 \"\r\nSyst\u00e8me d'exploitation\tAndroid Pie 9.0", "disponible": true, "image": "images/Tablette-Samsung-Galaxy-Tab-A-10-1-32-Go-WiFi-Noir.jpg", "picture": "", "quantite": 1, "premier_prix": 126000.0, "prix": 115000.0, "taux_reduction": 0.0, "promotion": false, "etoile": 1, "date_de_creation": "2020-07-17", "slug": "samsung-galaxy-tab-10", "categorie": 3, "sous_categorie": 2, "media": []}}, {"model": "boutique.produit", "pk": 32, "fields": {"nom": "Galaxy Tab S5e", "description": "D\u00e9couvrez la nouvelle tablette Samsung Galaxy Tab S6.\r\n\r\nRetrouvez toutes les tablettes.Retrouvez aussi nos cl\u00e9s USB OTG Micro USB pour stocker et transf\u00e9rer vos donn\u00e9es. Prot\u00e9gez votre tablette avec nos housses et sacoches. Voir les conseils de nos experts.\r\n\r\nProfitez \u00e9galement de nos offres informatiques.", "disponible": true, "image": "images/Tablette-Samsung-Galaxy-Tab-S5e-10-5-128-Go-4G-Noir.jpg", "picture": "", "quantite": 1, "premier_prix": 330000.0, "prix": 285000.0, "taux_reduction": 0.0, "promotion": false, "etoile": 1, "date_de_creation": "2020-07-17", "slug": "galaxy-tab-s5e", "categorie": 3, "sous_categorie": 2, "media": []}}, {"model": "boutique.produit", "pk": 33, "fields": {"nom": "iPad Apple 32 Go", "description": "Taille de l'\u00e9cran\t10,2 \"\r\nProcesseur\tApple A10\r\nSyst\u00e8me d'exploitation\tiOS", "disponible": true, "image": "images/iPad-Apple-32-Go-WiFi-Gris-sideral-10-2.jpg", "picture": "", "quantite": 2, "premier_prix": 250000.0, "prix": 200000.0, "taux_reduction": 0.0, "promotion": false, "etoile": 6, "date_de_creation": "2020-07-17", "slug": "ipad-apple-32-go", "categorie": 3, "sous_categorie": 1, "media": []}}, {"model": "boutique.produit", "pk": 34, "fields": {"nom": "Nouvel iPad Pro", "description": "<p>Taille de l&#39;&eacute;cran 12,9 &quot; Processeur Puce A12Z Bionic Syst&egrave;me d&#39;exploitation Mac OS votrtre prochain ordinateur n&rsquo;est pas un ordinateur. C&rsquo;est un objet de verre unique. Magique, m&ecirc;me. Il prend de vitesse la plupart des PC portables. Il vous fait entrer dans une nouvelle dimension avec ses appareils photo visionnaires. Il s&rsquo;utilise du bout des doigts. Mais aussi avec un Apple Pencil, un clavier, et maintenant un trackpad. C&rsquo;est bien plus qu&rsquo;un ordinateur. C&rsquo;est le nouvel iPad Pro.</p>", "disponible": true, "image": "images/Nouvel-iPad-Pro-12-9-256-Go-Gris-sideral-Wi-Fi.jpg", "picture": "", "quantite": 2, "premier_prix": 675000.0, "prix": 650000.0, "taux_reduction": 1.0, "promotion": false, "etoile": 10, "date_de_creation": "2020-07-17", "slug": "nouvel-ipad-pro", "categorie": 3, "sous_categorie": 1, "media": []}}, {"model": "boutique.produit", "pk": 35, "fields": {"nom": "iPhone 11 Noir - 128 Go", "description": "\u00c9cran (pouces) 6.1  pouces;\r\nTaille de l'\u00e9cran (cm)15,4  cm;\r\nQualit\u00e9 de l'\u00e9cranLiquid RetinaR\u00e9solution d\u2019\u00e9cran (px)828 x 1792  px;\r\nDensit\u00e9 de Pixels (ppi)326  ppi;\r\nType d'\u00c9cranIPSRapport d'aspect19.5:9.", "disponible": true, "image": "images/570x450.51003315_6.jpg", "picture": "", "quantite": -1, "premier_prix": 950000.0, "prix": 850000.0, "taux_reduction": 0.0, "promotion": false, "etoile": 50, "date_de_creation": "2020-07-25", "slug": "iphone-11-noir-128-go", "categorie": 2, "sous_categorie": 1, "media": [3, 6]}}, {"model": "boutique.produit", "pk": 37, "fields": {"nom": "PS4 Pro 1 To Noire", "description": "<p><strong>Playstation 4 PRO&nbsp;</strong>\ud83d\udc68&zwj;\ud83d\udcbb R&eacute;solution console de jeux Jusqu&#39;&agrave; 4K (3840 x 2160 p) RAM install&eacute;e <strong>8 Go</strong> DDR5 Communication sans fil Bluetooth Wi-Fi Nombre de ports pour p&eacute;riph&eacute;riques 6 3 x USB 3.0, 1 x HDMI, 1 x Port auxiliaire, 1 x Ethernet Caract&eacute;ristiques compl&eacute;mentaires Support compatible : Blu-ray 3D, Blu-ray, DVD, CD, Carte graphique : AMD Radeon, Processeur : AMD Jaguar, <strong>8 coeurs,</strong> Puissance 4.2 t&eacute;raflops, Compatible HDR pour des images plus r&eacute;alistes.</p>\r\n\r\n<p><strong><span style=\"color:#ffffff\"><span style=\"background-color:#4e5f70\">#Console</span></span></strong></p>", "disponible": true, "image": "images/Console-Sony-PS4-PRO-2TO-Edition-Limitee-500-Millions.jpg", "picture": "", "quantite": 3, "premier_prix": 350000.0, "prix": 250000.0, "taux_reduction": 0.0, "promotion": false, "etoile": 17, "date_de_creation": "2020-07-28", "slug": "ps4-pro-1-noire", "categorie": 5, "sous_categorie": 6, "media": [20, 21]}}, {"model": "boutique.produit", "pk": 38, "fields": {"nom": "Asus Gaming A15", "description": "<table border=\"0\" cellpadding=\"1\" cellspacing=\"1\" style=\"width:350px\">\r\n\t<tbody>\r\n\t\t<tr>\r\n\t\t\t<td>Taile de l&#39;&eacute;cran&nbsp; &nbsp;</td>\r\n\t\t\t<td>15,6&quot;</td>\r\n\t\t</tr>\r\n\t\t<tr>\r\n\t\t\t<td>Processeur</td>\r\n\t\t\t<td>AMD Ryzen 7</td>\r\n\t\t</tr>\r\n\t\t<tr>\r\n\t\t\t<td>RAM install&eacute;e</td>\r\n\t\t\t<td>16 Go</td>\r\n\t\t</tr>\r\n\t\t<tr>\r\n\t\t\t<td>Capacit&eacute; de stockage&nbsp;</td>\r\n\t\t\t<td>512 Go SSD</td>\r\n\t\t</tr>\r\n\t</tbody>\r\n</table>\r\n\r\n<p>&nbsp;</p>\r\n\r\n<p>&nbsp;</p>\r\n\r\n<p>&nbsp;</p>", "disponible": true, "image": "images/PC-Portable-Asus-Gaming-A15-TU.jpg", "picture": "", "quantite": 3, "premier_prix": 600000.0, "prix": 450000.0, "taux_reduction": 0.0, "promotion": false, "etoile": 6, "date_de_creation": "2020-08-21", "slug": "asus-gaming-a15", "categorie": 1, "sous_categorie": 7, "media": []}}, {"model": "boutique.produit", "pk": 39, "fields": {"nom": "iPhone 12 5G", "description": "<table border=\"1\" cellpadding=\"1\" cellspacing=\"1\" style=\"width:500px\">\r\n\t<tbody>\r\n\t\t<tr>\r\n\t\t\t<td>Capacit&eacute; de stockage</td>\r\n\t\t\t<td><strong>64 Go</strong></td>\r\n\t\t</tr>\r\n\t\t<tr>\r\n\t\t\t<td>Taille de l&#39;&eacute;cran</td>\r\n\t\t\t<td><strong>6,1 &quot;</strong></td>\r\n\t\t</tr>\r\n\t\t<tr>\r\n\t\t\t<td>Syst&egrave;me d&#39;exploitation</td>\r\n\t\t\t<td><strong>iOS</strong></td>\r\n\t\t</tr>\r\n\t\t<tr>\r\n\t\t\t<td>Couleur</td>\r\n\t\t\t<td><strong>Vert</strong></td>\r\n\t\t</tr>\r\n\t</tbody>\r\n</table>\r\n\r\n<ul>\r\n\t<li><strong>Autonomie maximale</strong></li>\r\n</ul>\r\n\r\n<p>Lecture vid&eacute;o : jusqu&rsquo;&agrave; <strong>17 heures</strong>; Streaming vid&eacute;o : jusqu&rsquo;&agrave; <strong>11 heures</strong>; Lecture audio : jusqu&rsquo;&agrave; <strong>65 heures</strong>.</p>\r\n\r\n<ul>\r\n\t<li><strong>Appareil photo</strong></li>\r\n</ul>\r\n\r\n<p>Double appareil photo 12 Mpx : ultra grand\u2011angle et grand\u2011angle; Ultra grand-angle : ouverture &fnof;/2,4 et champ de vision de 120&deg;; Grand\u2011angle : ouverture &fnof;/1,6; Zoom optique arri&egrave;re 2x; Zoom num&eacute;rique jusqu&rsquo;&agrave; 5x ; &Eacute;clairage de portrait avec six effets ; Stabilisation optique de l&rsquo;image ; Objectif &agrave; cinq &eacute;l&eacute;ments; objectif &agrave; six &eacute;l&eacute;ments ; Flash True Tone plus lumineux avec synchro lente ; Protection d&rsquo;objectifs en cristal de saphir ; 100 % de Focus Pixels ; Smart HDR 3 avec d&eacute;tection de la sc&egrave;ne.</p>\r\n\r\n<ul>\r\n\t<li><strong>Processeur</strong></li>\r\n</ul>\r\n\r\n<p>Puce <strong>A14 Bionic</strong>; Neural Engine nouvelle g&eacute;n&eacute;ration</p>", "disponible": true, "image": "images/Apple-iPhone-12-6-1-64-Go-Double-SIM-5G-Vert.jpg", "picture": "", "quantite": 3, "premier_prix": 1300000.0, "prix": 670000.0, "taux_reduction": 0.0, "promotion": false, "etoile": 18, "date_de_creation": "2020-10-29", "slug": "iphone-12-5g", "categorie": 2, "sous_categorie": 1, "media": []}}, {"model": "boutique.produit", "pk": 40, "fields": {"nom": "Xbox Series X", "description": "<table border=\"1\" cellpadding=\"1\" cellspacing=\"1\" style=\"width:500px\">\r\n\t<tbody>\r\n\t\t<tr>\r\n\t\t\t<td>Plateforme</td>\r\n\t\t\t<td><strong>Xbox Series X</strong></td>\r\n\t\t</tr>\r\n\t\t<tr>\r\n\t\t\t<td>Capacit&eacute;</td>\r\n\t\t\t<td><strong>1 To</strong></td>\r\n\t\t</tr>\r\n\t\t<tr>\r\n\t\t\t<td>RAM install&eacute;e</td>\r\n\t\t\t<td>16 Go</td>\r\n\t\t</tr>\r\n\t</tbody>\r\n</table>\r\n\r\n<p>Voici la Xbox Series X, notre console la plus rapide et la plus puissante jamais con&ccedil;ue, pour une g&eacute;n&eacute;ration de consoles qui vous place, vous, le joueur, au centre.</p>\r\n\r\n<p><strong>Puissance, Vitesse et compatibilit&eacute;</strong><br />\r\nLa nouvelle Xbox embarque une puce graphique de 12 teraflops, compatible avec 4 g&eacute;n&eacute;rations de jeux, alliant puissance et rapidit&eacute;.</p>", "disponible": true, "image": "images/Console-Microsoft-Xbox-Series-X-Noir.jpg", "picture": "", "quantite": 1, "premier_prix": 750000.0, "prix": 450000.0, "taux_reduction": 0.0, "promotion": false, "etoile": 4, "date_de_creation": "2020-10-29", "slug": "xbox-series-x", "categorie": 5, "sous_categorie": 2, "media": []}}, {"model": "boutique.produit", "pk": 41, "fields": {"nom": "Iphone 13 mini", "description": "<p><strong>Fini</strong></p>\r\n\r\n<ul>\r\n\t<li>(PRODUCT)RED, com&egrave;te, minuit, bleu, rose</li>\r\n</ul>\r\n\r\n<p><strong>Capacit&eacute;<sup>1</sup></strong></p>\r\n\r\n<ul>\r\n\t<li>128 Go, 256 Go, 512 Go</li>\r\n</ul>\r\n\r\n<p><strong>Dimensions et poids<sup>2</sup></strong></p>\r\n\r\n<ul>\r\n\t<li>Hauteur : 146,7 mm (5,78 po)</li>\r\n\t<li>Largeur : 71,5 mm (2,82 po)</li>\r\n\t<li>&Eacute;paisseur : 7,65 mm (0,30 po)</li>\r\n\t<li>Poids : 173 g (6,10 oz)</li>\r\n</ul>\r\n\r\n<p><strong>&Eacute;cran</strong></p>\r\n\r\n<ul>\r\n\t<li>&Eacute;cran Super Retina XDR</li>\r\n\t<li>&Eacute;cran DELO int&eacute;gral de 6,1 po (diagonale)</li>\r\n\t<li>D&eacute;finition de 2 532 x 1 170 pixels &agrave; 460 ppp</li>\r\n\t<li>&Eacute;cran HDR</li>\r\n\t<li>True Tone</li>\r\n\t<li>Gamme de couleurs &eacute;tendue (P3)</li>\r\n\t<li>Contact tactile</li>\r\n\t<li>Contraste type de 2 000 000:1</li>\r\n\t<li>Luminosit&eacute; maximale type de 800 nits; luminosit&eacute; maximale HDR de 1 200 nits</li>\r\n\t<li>Rev&ecirc;tement ol&eacute;ophobe r&eacute;sistant aux traces de doigts</li>\r\n\t<li>Prise en charge de l&rsquo;affichage simultan&eacute; de langues et de caract&egrave;res multiples</li>\r\n</ul>", "disponible": true, "image": "images/shopping.webp", "picture": "", "quantite": 1, "premier_prix": 750000.0, "prix": 400000.0, "taux_reduction": 0.0, "promotion": false, "etoile": 0, "date_de_creation": "2022-07-25", "slug": "iphone-13-mini", "categorie": 2, "sous_categorie": 1, "media": []}}, {"model": "boutique.compteuser", "pk": 20, "fields": {"user": 27, "bio": "salut!", "inscrit_newsletter": false}}, {"model": "boutique.compteuser", "pk": 23, "fields": {"user": 30, "bio": null, "inscrit_newsletter": false}}, {"model": "boutique.compteuser", "pk": 24, "fields": {"user": 31, "bio": "Je suis un agitateur.", "inscrit_newsletter": true}}, {"model": "boutique.compteuser", "pk": 25, "fields": {"user": 1, "bio": null, "inscrit_newsletter": false}}, {"model": "boutique.compteuser", "pk": 26, "fields": {"user": 32, "bio": null, "inscrit_newsletter": false}}, {"model": "boutique.compteuser", "pk": 27, "fields": {"user": 33, "bio": null, "inscrit_newsletter": false}}, {"model": "boutique.compteuser", "pk": 28, "fields": {"user": 34, "bio": null, "inscrit_newsletter": false}}, {"model": "boutique.compteuser", "pk": 29, "fields": {"user": 36, "bio": null, "inscrit_newsletter": false}}, {"model": "boutique.panieritem", "pk": 150, "fields": {"user": 20, "produits": 38, "prix_du_produit": 450000.0, "quantite_du_produit": 1}}, {"model": "boutique.panieritem", "pk": 153, "fields": {"user": 20, "produits": 28, "prix_du_produit": 200000.0, "quantite_du_produit": 1}}, {"model": "boutique.panieritem", "pk": 155, "fields": {"user": 25, "produits": 38, "prix_du_produit": 900000.0, "quantite_du_produit": 2}}, {"model": "boutique.panieritem", "pk": 156, "fields": {"user": 25, "produits": 37, "prix_du_produit": 250000.0, "quantite_du_produit": 1}}, {"model": "boutique.panieritem", "pk": 157, "fields": {"user": 28, "produits": 40, "prix_du_produit": 450000.0, "quantite_du_produit": 1}}, {"model": "boutique.panieritem", "pk": 159, "fields": {"user": 20, "produits": 41, "prix_du_produit": 400000.0, "quantite_du_produit": 1}}, {"model": "boutique.panieritem", "pk": 160, "fields": {"user": 29, "produits": 22, "prix_du_produit": 900000.0, "quantite_du_produit": 1}}, {"model": "boutique.panier", "pk": 101, "fields": {"nom": "Panier du 2020-08-22 19:00:39.856814 par asus", "date_de_creation": "2020-08-22T19:00:39.831Z", "user": 25, "quantite": 3, "prix": 1150000, "traite": true, "terminer": false, "produits": [155, 156]}}, {"model": "boutique.panier", "pk": 102, "fields": {"nom": "Panier du 2020-08-22 19:01:32.245888 par medard", "date_de_creation": "2020-08-22T19:01:32.202Z", "user": 20, "quantite": 1, "prix": 450000, "traite": true, "terminer": false, "produits": [150]}}, {"model": "boutique.panier", "pk": 103, "fields": {"nom": "Panier du 2020-09-18 08:35:21.890367 par medard", "date_de_creation": "2020-09-18T08:35:21.795Z", "user": 20, "quantite": 1, "prix": 200000, "traite": true, "terminer": false, "produits": [153]}}, {"model": "boutique.panier", "pk": 104, "fields": {"nom": "Panier du 2020-11-28 21:12:36.387653 par seria", "date_de_creation": "2020-11-28T21:12:36.270Z", "user": 28, "quantite": 1, "prix": 450000, "traite": false, "terminer": false, "produits": [157]}}, {"model": "boutique.panier", "pk": 105, "fields": {"nom": "Panier du 2021-02-07 19:22:51.420550 par medard", "date_de_creation": "2021-02-07T19:22:51.393Z", "user": 20, "quantite": 1, "prix": 400000, "traite": false, "terminer": false, "produits": [159]}}, {"model": "boutique.panier", "pk": 106, "fields": {"nom": "Panier du 2023-04-28 11:15:12.666326 par gamos", "date_de_creation": "2023-04-28T15:15:12.645Z", "user": 29, "quantite": 1, "prix": 900000, "traite": true, "terminer": false, "produits": [160]}}, {"model": "boutique.contact", "pk": 16, "fields": {"prenom": "NOURIA", "nom": "", "numero_de_telephone": null, "adress": "", "email": "nouria.kabore.pge2018@gmail.com"}}, {"model": "boutique.contact", "pk": 17, "fields": {"prenom": "PASCAL", "nom": "", "numero_de_telephone": "773739466", "adress": "amitie zone B", "email": "bmbaihodji@gmail.com"}}, {"model": "boutique.contact", "pk": 18, "fields": {"prenom": "Habsatou", "nom": "DIACKO", "numero_de_telephone": "770785084", "adress": "fass", "email": "habsatou.diacko.pge2018@gmail.com"}}, {"model": "boutique.contact", "pk": 19, "fields": {"prenom": "Habsatou", "nom": "", "numero_de_telephone": null, "adress": "", "email": "habsatoualphadiacko1998@gmail.com"}}, {"model": "boutique.contact", "pk": 21, "fields": {"prenom": "medard", "nom": "", "numero_de_telephone": null, "adress": "", "email": "seria.medard.pge2018@gmail.com"}}, {"model": "boutique.contact", "pk": 22, "fields": {"prenom": "Nard", "nom": "", "numero_de_telephone": "+22178544", "adress": "ddd", "email": "somae@soma.com"}}, {"model": "boutique.contact", "pk": 23, "fields": {"prenom": "dezombe", "nom": "", "numero_de_telephone": null, "adress": "", "email": "dezoumbe@gmail.com"}}, {"model": "boutique.contact", "pk": 24, "fields": {"prenom": "medard", "nom": "seria", "numero_de_telephone": "8197010433", "adress": "4-5420 Av Walkley", "email": "seriamedard@gmail.com"}}, {"model": "boutique.contact", "pk": 25, "fields": {"prenom": "jean", "nom": "", "numero_de_telephone": "8145562015", "adress": "5245 rue martin", "email": "hee@gmail.com"}}, {"model": "boutique.commande", "pk": 17, "fields": {"nom": "Commande N\u00b0 17", "date": "2020-09-01T14:35:08.776Z", "panier": null, "contact": 17, "produit": 29, "method": "L", "valider": false}}, {"model": "boutique.commande", "pk": 18, "fields": {"nom": "Commande N\u00b0 18", "date": "2020-09-18T08:36:41.735Z", "panier": 103, "contact": 18, "produit": null, "method": "L", "valider": false}}, {"model": "boutique.commande", "pk": 19, "fields": {"nom": "Commande N\u00b0 19", "date": "2020-10-29T14:54:36.375Z", "panier": 101, "contact": 22, "produit": null, "method": "V", "valider": false}}, {"model": "boutique.commande", "pk": 20, "fields": {"nom": "Commande N\u00b0 20", "date": "2023-04-28T15:15:56.848Z", "panier": 106, "contact": 25, "produit": null, "method": "V", "valider": false}}, {"model": "boutique.commande", "pk": 21, "fields": {"nom": "Commande N\u00b0 21", "date": "2025-01-20T00:21:41.741Z", "panier": null, "contact": 24, "produit": 41, "method": "L", "valider": false}}]
